playbook_id,techniques
p1,"['NetworkTrafficFiltering', 'DNSDenylisting', 'ExecutableDenylisting', 'BroadcastDomainIsolation', 'NetworkIsolation']"
p2,"['AssetVulnerabilityEnumeration', 'RestoreDiskImage', 'IdentifierReputationAnalysis', 'IdentifierActivityAnalysis']"
p3,"['NetworkTrafficFiltering', 'DNSDenylisting', 'DNSTrafficAnalysis']"
p4,"['NetworkTrafficFiltering', 'DNSDenylisting', 'DNSTrafficAnalysis']"
p5,['RestoreNetworkAccess']
p6,['RestoreNetworkAccess']
p7,"['NetworkTrafficFiltering', 'DNSDenylisting', 'DNSTrafficAnalysis']"
p8,"['DNSTrafficAnalysis', 'DNSDenylisting', 'NetworkTrafficFiltering']"
p9,['RestoreNetworkAccess']
p10,['RestoreNetworkAccess']
p11,"['NetworkTrafficFiltering', 'ExecutableDenylisting']"
p12,"['NetworkTrafficFiltering', 'ExecutableDenylisting']"
p13,['RestoreFile']
p14,['RestoreFile']
p15,"['NetworkTrafficFiltering', 'ExecutableDenylisting']"
p16,"['ExecutableDenylisting', 'NetworkTrafficFiltering']"
p17,['RestoreFile']
p18,['RestoreFile']
p19,"['NetworkTrafficFiltering', 'DNSDenylisting', 'BroadcastDomainIsolation']"
p20,"['BroadcastDomainIsolation', 'NetworkTrafficFiltering', 'DNSDenylisting']"
p21,['BroadcastDomainIsolation']
p22,['RestoreNetworkAccess']
p23,['RestoreNetworkAccess']
p24,"['NetworkTrafficFiltering', 'DNSDenylisting']"
p25,"['DNSDenylisting', 'NetworkTrafficFiltering']"
p26,"['NetworkTrafficFiltering', 'DNSDenylisting']"
p27,"['NetworkTrafficFiltering', 'DNSDenylisting']"
p28,['RestoreNetworkAccess']
p29,['RestoreNetworkAccess']
p30,"['NetworkTrafficFiltering', 'URLAnalysis', 'DNSDenylisting']"
p31,"['DNSDenylisting', 'NetworkTrafficFiltering', 'URLAnalysis']"
p32,['RestoreNetworkAccess']
p33,['RestoreNetworkAccess']
p34,['RestoreUserAccountAccess']
p35,['RestoreUserAccountAccess']
p36,"['IdentifierReputationAnalysis', 'IdentifierActivityAnalysis']"
p37,['c:MarkAlert']
p38,['c:MarkAlert']
p39,['DNSAllowlisting']
p40,['c:CloseSecurityEvent']
p41,"['UserAccountPermissions', 'AccountLocking']"
p42,['c:CreateIncident']
p43,['c:CreateIncident']
p44,['c:CreateIncident']
p45,['c:IncidentHandlingManagement']
p46,['c:IncidentHandlingManagement']
p47,['c:IncidentHandlingManagement']
p48,['c:IncidentHandlingManagement']
p49,['c:IncidentHandlingManagement']
p50,['c:IncidentHandlingManagement']
p51,['c:IncidentHandlingManagement']
p52,['c:IncidentHandlingManagement']
p53,['c:IncidentHandlingManagement']
p54,['c:IncidentHandlingManagement']
p55,"['IdentifierReputationAnalysis', 'FileHashing']"
p56,['IdentifierReputationAnalysis']
p57,"['IdentifierReputationAnalysis', 'URLAnalysis']"
p58,['IdentifierReputationAnalysis']
p59,['IdentifierReputationAnalysis']
p60,['SenderReputationAnalysis']
p61,"['IdentifierReputationAnalysis', 'FileHashing']"
p62,['IdentifierReputationAnalysis']
p63,"['IdentifierReputationAnalysis', 'URLAnalysis']"
p64,['c:IncidentHandlingManagement']
p65,['c:IncidentHandlingManagement']
p66,['c:IncidentHandlingManagement']
p67,['c:IncidentHandlingManagement']
p68,"['SoftwareUpdate', 'RestoreSoftware']"
p69,['SoftwareInventory']
p70,['c:IncidentHandlingManagement']
p71,['c:IncidentHandlingManagement']
p72,"['IdentifierReputationAnalysis', 'c:FileContentAnalysis(Mitre)', 'DynamicAnalysis', 'EmulatedFileAnalysis', 'FileHashing']"
p73,['c:IncidentHandlingManagement']
p74,"['IdentifierActivityAnalysis', 'DynamicAnalysis', 'DynamicAnalysis', 'EmulatedFileAnalysis', 'c:FileContentAnalysis(Mitre)', 'FileHashing']"
p75,['c:IncidentScoring']
p76,['c:IncidentScoring']
p77,['c:IncidentScoring']
p78,['c:IncidentDocumentation']
p79,['c:IncidentDocumentation']
p80,['c:IncidentDocumentation']
p81,['c:IncidentDocumentation']
p82,['c:CTI_Input']
p83,['c:CTI_Input']
p84,['c:AdditionalTask']
p85,['c:AdditionalTask']
p86,['c:AdditionalTask']
p87,['c:IncidentHandlingManagement']
p88,"['c:CTI_Input', 'c:IncidentHandlingManagement']"
p89,['c:AdditionalTask']
p90,['c:IncidentFiltering']
p91,['c:IncidentFiltering']
p92,['c:IncidentDocumentation']
p93,['IdentifierReputationAnalysis']
p94,"['IdentifierReputationAnalysis', 'URLAnalysis']"
p95,"['DynamicAnalysis', 'c:FileContentAnalysis(Mitre)', 'EmulatedFileAnalysis']"
p96,['c:IncidentDocumentation']
p97,['c:AdditionalTask']
p98,['c:CTI_Input']
p99,['c:IncidentHandlingManagement']
p100,['IdentifierActivityAnalysis']
p101,['c:AdditionalTask']
p102,['c:IncidentDocumentation']
p103,['c:IncidentHandlingManagement']
p104,['SoftwareInventory']
p105,['c:IncidentHandlingManagement']
p106,['c:IncidentHandlingManagement']
p107,['c:IncidentHandlingManagement']
p108,['c:IncidentHandlingManagement']
p109,['c:IncidentHandlingManagement']
p110,['c:IncidentHandlingManagement']
p111,['c:IncidentHandlingManagement']
p112,['c:IncidentHandlingManagement']
p113,['c:IncidentHandlingManagement']
p114,['c:IncidentHandlingManagement']
p115,['c:IncidentHandlingManagement']
p116,['c:IncidentHandlingManagement']
p117,"['RestoreFile', 'RestoreFile', 'BroadcastDomainIsolation', 'RestoreNetworkAccess', 'FileHashing', 'c:IncidentResponseProcess']"
p118,['c:IncidentHandlingManagement']
p119,['c:IncidentHandlingManagement']
p120,"['IdentifierReputationAnalysis', 'c:CTI_Input']"
p121,"['SenderReputationAnalysis', 'c:CTI_Input']"
p122,"['c:CTI_Input', 'IdentifierReputationAnalysis', 'IdentifierAnalysis']"
p123,"['c:CTI_Input', 'FileAnalysis', 'IdentifierReputationAnalysis', 'IdentifierAnalysis', 'DynamicAnalysis']"
p124,"['IdentifierReputationAnalysis', 'IdentifierAnalysis', 'c:CTI_Input']"
p125,"['c:CTI_Input', 'IdentifierReputationAnalysis', 'IdentifierAnalysis']"
p126,"['c:CTI_Input', 'IdentifierReputationAnalysis', 'IdentifierAnalysis']"
p127,"['c:CTI_Input', 'IdentifierReputationAnalysis', 'IdentifierAnalysis']"
p128,"['IdentifierAnalysis', 'IdentifierReputationAnalysis', 'SenderReputationAnalysis', 'MessageAnalysis']"
p129,"['IdentifierReputationAnalysis', 'IdentifierAnalysis']"
p130,"['IdentifierReputationAnalysis', 'IdentifierAnalysis', 'FileAnalysis', 'DynamicAnalysis']"
p131,"['c:CTI_Input', 'DynamicAnalysis', 'FileAnalysis', 'IdentifierAnalysis', 'IdentifierReputationAnalysis']"
p132,"['c:CTI_Input', 'IdentifierReputationAnalysis', 'IdentifierAnalysis']"
p133,"['c:CTI_Input', 'IdentifierAnalysis', 'IdentifierReputationAnalysis']"
p134,"['IdentifierReputationAnalysis', 'IdentifierAnalysis']"
p135,"['IdentifierAnalysis', 'IdentifierReputationAnalysis', 'c:CTI_Input']"
p136,"['c:CTI_Input', 'IdentifierReputationAnalysis', 'IdentifierAnalysis', 'ProcessAnalysis']"
p137,"['ProcessAnalysis', 'IdentifierAnalysis', 'IdentifierReputationAnalysis', 'c:CTI_Input']"
p138,"['IdentifierReputationAnalysis', 'IdentifierAnalysis', 'URLAnalysis']"
p140,"['c:CTI_Input', 'IdentifierReputationAnalysis', 'IdentifierAnalysis', 'LocalAccountMonitoring', 'UserBehaviorAnalysis']"
p141,"['IdentifierReputationAnalysis', 'IdentifierAnalysis', 'URLAnalysis', 'c:CTI_Input']"
p142,['c:AdditionalTask']
p143,['c:AdditionalTask']
p144,['c:AdditionalTask']
p145,['c:AdditionalTask']
p146,['c:AdditionalTask']
p147,"['c:CTI_Input', 'c:AdditionalTask']"
p148,"['UserGeolocationLogonPatternAnalysis', 'IdentifierAnalysis', 'IdentifierReputationAnalysis', 'UserBehaviorAnalysis']"
p150,['c:IncidentHandlingManagement']
p151,['c:IncidentHandlingManagement']
p152,['c:AdditionalTask']
p153,['c:AdditionalTask']
p154,['c:AdditionalTask']
p155,['c:AdditionalTask']
p156,['c:NotifyingTask']
p157,['c:HistoricalDataAnalysis']
p158,"['IdentifierReputationAnalysis', 'IdentifierAnalysis']"
p160,['c:NotifyingTask']
p161,['c:AdditionalTask']
p162,"['OperatingSystemMonitoring', 'PlatformMonitoring']"
p163,['c:AdditionalTask']
p164,['c:NotifyingTask']
p165,['c:AdditionalTask']
p166,['c:AdditionalTask']
p167,['c:AdditionalTask']
p168,['c:AdditionalTask']
p170,"['c:AdditionalTask', 'c:IncidentScoring']"
p171,"['c:NotifyingTask', 'c:AdditionalTask']"
p172,['c:AdditionalTask']
p173,"['ConfigurationInventory', 'AssetInventory', 'c:AdditionalTask']"
p174,"['c:AdditionalTask', 'c:NotifyingTask']"
p175,"['c:NotifyingTask', 'c:AdditionalTask']"
p176,['c:AdditionalTask']
p177,['c:NotifyingTask']
p178,['c:AdditionalTask']
p180,['c:AdditionalTask']
p181,['c:AdditionalTask']
p182,"['IdentifierReputationAnalysis', 'IdentifierAnalysis']"
p183,"['SenderReputationAnalysis', 'MessageAnalysis', 'IdentifierAnalysis', 'IdentifierReputationAnalysis']"
p184,['c:AdditionalTask']
p185,['c:AdditionalTask']
p186,"['IdentifierReputationAnalysis', 'IdentifierAnalysis']"
p187,"['IdentifierReputationAnalysis', 'IdentifierAnalysis', 'URLAnalysis']"
p188,"['IdentifierReputationAnalysis', 'IdentifierAnalysis']"
p190,"['IdentifierReputationAnalysis', 'IdentifierAnalysis']"
p191,"['IdentifierReputationAnalysis', 'IdentifierAnalysis']"
p192,"['IdentifierReputationAnalysis', 'IdentifierAnalysis', 'URLAnalysis']"
p193,"['IdentifierReputationAnalysis', 'IdentifierAnalysis']"
p194,['c:AdditionalTask']
p195,"['c:AdditionalTask', 'AccessModeling', 'OperationalActivityMapping', 'OrganizationMapping']"
p196,"['FileHashing', 'FileAnalysis', 'IdentifierReputationAnalysis', 'IdentifierAnalysis', 'IdentifierActivityAnalysis']"
p197,"['c:CTI_Input', 'IdentifierReputationAnalysis', 'IdentifierAnalysis']"
p198,"['IdentifierReputationAnalysis', 'IdentifierAnalysis']"
p200,"['IdentifierAnalysis', 'IdentifierReputationAnalysis']"
p201,"['FileAnalysis', 'IdentifierReputationAnalysis', 'IdentifierAnalysis']"
p202,"['IdentifierAnalysis', 'IdentifierReputationAnalysis', 'URLAnalysis']"
p203,"['URLAnalysis', 'IdentifierAnalysis', 'IdentifierReputationAnalysis']"
p204,"['IdentifierAnalysis', 'IdentifierReputationAnalysis', 'URLAnalysis']"
p205,['c:AdditionalTask']
p206,"['AccountLocking', 'CredentialEviction', 'CredentialHardening', 'CredentialRotation']"
p207,['c:AdditionalTask']
p208,['c:AdditionalTask']
p210,"['AccessModeling', 'OperationalActivityMapping', 'OrganizationMapping']"
p211,"['OrganizationMapping', 'OperationalActivityMapping', 'AccessModeling']"
p212,"['OperationalActivityMapping', 'AccessModeling', 'OrganizationMapping']"
p213,['c:AdditionalTask']
p214,"['UserBehaviorAnalysis', 'AuthenticationEventThresholding', 'AuthorizationEventThresholding', 'LocalAccountMonitoring', 'AccountLocking', 'CredentialEviction']"
p215,"['FileEviction', 'FileRemoval']"
p216,"['NetworkTrafficAnalysis', 'c:NotifyingTask']"
p217,['c:AdditionalTask']
p218,['c:AdditionalTask']
p220,"['c:AdditionalTask', 'c:IncidentScoring']"
p221,['c:AdditionalTask']
p222,"['AssetVulnerabilityEnumeration', 'AssetInventory']"
p223,['c:AdditionalTask']
p224,"['RestoreUserAccountAccess', 'RestoreAccess', 'AccountLocking', 'CredentialEviction']"
p225,"['c:IncidentScoring', 'c:IncidentHandlingManagement', 'DecoyObject', 'DecoyEnvironment']"
p226,"['IdentifierReputationAnalysis', 'IdentifierAnalysis', 'IdentifierActivityAnalysis', 'ProcessTermination', 'ProcessEviction', 'HostShutdown', 'ExecutableDenylisting', 'ExecutionIsolation', 'FileHashing', 'FileAnalysis', 'NetworkIsolation', 'BroadcastDomainIsolation']"
p227,"['ResourceAccessPatternAnalysis', 'UserBehaviorAnalysis', 'FileRemoval', 'FileEviction']"
p228,['c:AdditionalTask']
p230,"['AssetInventory', 'AssetVulnerabilityEnumeration']"
p231,['c:AdditionalTask']
p232,"['IdentifierActivityAnalysis', 'IdentifierAnalysis', 'IdentifierReputationAnalysis', 'NetworkTrafficAnalysis']"
p233,"['PlatformHardening', 'c:Compliance']"
p234,"['IdentifierAnalysis', 'IdentifierReputationAnalysis']"
p235,"['c:CTI_Input', 'CredentialRevocation', 'CredentialEviction', 'CredentialRotation', 'CredentialHardening']"
p236,['c:IncidentHandlingManagement']
p237,"['AuthenticationEventThresholding', 'UserBehaviorAnalysis']"
p238,"['AssetInventory', 'DataInventory', 'NetworkNodeInventory']"
p240,['c:AdditionalTask']
p241,"['AuthenticationEventThresholding', 'UserBehaviorAnalysis']"
p242,"['SystemVulnerabilityAssessment', 'OperationalRiskAssessment', 'SystemMapping', 'OperationalActivityMapping']"
p243,"['IdentifierAnalysis', 'IdentifierReputationAnalysis', 'NetworkTrafficFiltering', 'NetworkIsolation']"
p244,['c:AdditionalTask']
p245,"['c:NotifyingTask', 'IdentifierReputationAnalysis', 'IdentifierAnalysis', 'NetworkIsolation']"
p246,['c:CTI_Input']
p247,"['LocalAccountMonitoring', 'UserBehaviorAnalysis', 'AccountLocking', 'CredentialEviction']"
p248,"['AccessModeling', 'OperationalActivityMapping', 'CredentialHardening', 'UserAccountPermissions']"
p250,"['NetworkIsolation', 'NetworkTrafficFiltering', 'ExecutionIsolation', 'IdentifierReputationAnalysis', 'IdentifierAnalysis', 'IdentifierActivityAnalysis', 'c:CTI_Input']"
p251,"['OperatingSystemMonitoring', 'PlatformMonitoring', 'NetworkTrafficAnalysis', 'AdministrativeNetworkActivityAnalysis']"
p252,"['IdentifierReputationAnalysis', 'IdentifierAnalysis']"
p253,['c:AdditionalTask']
p254,"['AssetVulnerabilityEnumeration', 'AssetInventory', 'RestoreDiskImage', 'RestoreConfiguration', 'RestoreObject']"
p255,"['NetworkTrafficFiltering', 'NetworkIsolation', 'UserAccountPermissions', 'CredentialHardening', 'BroadcastDomainIsolation', 'NetworkIsolation']"
p256,"['c:NotifyingTask', 'IdentifierAnalysis', 'IdentifierReputationAnalysis', 'IdentifierActivityAnalysis']"
p257,"['UserAccountPermissions', 'CredentialHardening', 'BroadcastDomainIsolation', 'NetworkTrafficFiltering', 'NetworkIsolation', 'CredentialRotation', 'CredentialHardening']"
p258,['c:AdditionalTask']
p260,['c:AdditionalTask']
p261,['c:AdditionalTask']
p262,['c:AdditionalTask']
p263,['c:AdditionalTask']
p264,['c:AdditionalTask']
p265,['c:AdditionalTask']
p266,['c:AdditionalTask']
p267,"['IdentifierAnalysis', 'IdentifierReputationAnalysis', 'c:CTI_Input']"
p268,['c:AdditionalTask']
p270,"['c:AdditionalTask', 'c:NotifyingTask']"
p271,['c:AdditionalTask']
p272,"['URLAnalysis', 'IdentifierReputationAnalysis', 'IdentifierAnalysis']"
p273,"['AccountLocking', 'CredentialEviction']"
p274,"['FileRemoval', 'FileEviction']"
p275,['c:AdditionalTask']
p276,"['IdentifierReputationAnalysis', 'IdentifierAnalysis', 'NetworkTrafficFiltering', 'NetworkTrafficAnalysis', 'NetworkIsolation']"
p277,['c:IncidentHandlingManagement']
p278,['c:IncidentHandlingManagement']
p280,"['MessageHardening', 'MessageAuthentication']"
p281,['c:AdditionalTask']
p282,"['ExecutionIsolation', 'NetworkIsolation', 'RestoreAccess', 'RestoreNetworkAccess', 'BroadcastDomainIsolation', 'IdentifierAnalysis', 'IdentifierActivityAnalysis']"
p283,"['BroadcastDomainIsolation', 'NetworkIsolation', 'NetworkTrafficFiltering']"
p284,['c:AdditionalTask']
p285,['c:AdditionalTask']
p286,['c:AdditionalTask']
p287,"['AssetInventory', 'NetworkMapping', 'c:AdditionalTask']"
p288,"['IdentifierReputationAnalysis', 'IdentifierAnalysis']"
p290,"['IdentifierReputationAnalysis', 'IdentifierAnalysis']"
p291,"['SenderReputationAnalysis', 'MessageAnalysis']"
p292,"['IdentifierReputationAnalysis', 'IdentifierAnalysis']"
p293,['c:AdditionalTask']
p294,['c:AdditionalTask']
p295,"['AssetInventory', 'c:AdditionalTask']"
p296,"['NetworkTrafficFiltering', 'NetworkIsolation']"
p297,"['FileHashing', 'FileAnalysis']"
p300,"['FileIntegrityMonitoring', 'PlatformMonitoring']"
p301,['c:SystemTest']
p302,"['IdentifierReputationAnalysis', 'IdentifierAnalysis']"
p303,['c:SystemTest']
p304,['c:SystemTest']
p305,['c:SystemTest']
p306,['c:SystemTest']
p307,['c:SystemTest']
p308,"['NetworkTrafficFiltering', 'NetworkIsolation']"
p310,['c:SystemTest']
p311,"['c:SystemTest', 'IdentifierReputationAnalysis', 'IdentifierAnalysis']"
p312,"['c:SystemTest', 'SenderReputationAnalysis', 'MessageAnalysis']"
p313,"['MessageAnalysis', 'SenderReputationAnalysis', 'FileAnalysis']"
p314,"['SenderReputationAnalysis', 'MessageAnalysis']"
p315,"['MessageAnalysis', 'SenderReputationAnalysis', 'FileAnalysis']"
p316,"['FileAnalysis', 'SenderReputationAnalysis', 'MessageAnalysis']"
p317,"['IdentifierReputationAnalysis', 'IdentifierAnalysis']"
p318,"['c:SystemTest', 'c:AdditionalTask']"
p320,"['c:SystemTest', 'c:CTI_Input']"
p321,['c:SystemTest']
p322,['c:AdditionalTask']
p323,['c:SystemTest']
p324,['c:SystemTest']
p325,['c:SystemTest']
p326,['c:AdditionalTask']
p327,['c:AdditionalTask']
p328,['c:AdditionalTask']
p330,['c:SystemTest']
p331,['c:SystemTest']
p332,['c:SystemTest']
p333,['c:SystemTest']
p334,['c:SystemTest']
p335,['c:SystemTest']
p336,['c:SystemTest']
p337,['c:AdditionalTask']
p338,['c:SystemTest']
p340,"['IdentifierReputationAnalysis', 'IdentifierAnalysis']"
p341,"['SenderReputationAnalysis', 'MessageAnalysis', 'IdentifierReputationAnalysis', 'IdentifierAnalysis']"
p342,['c:AdditionalTask']
p343,['NetworkTrafficAnalysis']
p344,"['NetworkTrafficAnalysis', 'IdentifierActivityAnalysis', 'IdentifierReputationAnalysis', 'IdentifierAnalysis']"
p345,"['IdentifierAnalysis', 'IdentifierReputationAnalysis', 'IdentifierActivityAnalysis', 'NetworkTrafficAnalysis']"
p346,"['IdentifierReputationAnalysis', 'IdentifierAnalysis']"
p347,"['IdentifierActivityAnalysis', 'IdentifierReputationAnalysis', 'IdentifierAnalysis', 'NetworkTrafficAnalysis']"
p348,"['RestoreNetworkAccess', 'RestoreAccess', 'NetworkIsolation', 'NetworkTrafficFiltering']"
p350,"['NetworkTrafficFiltering', 'NetworkIsolation']"
p351,['c:NotifyingTask']
p352,"['IdentifierAnalysis', 'IdentifierReputationAnalysis', 'NetworkTrafficFiltering', 'NetworkTrafficAnalysis']"
p353,['c:AdditionalTask']
p354,"['OperationalRiskAssessment', 'OperationalActivityMapping']"
p355,"['AdministrativeNetworkActivityAnalysis', 'NetworkTrafficAnalysis']"
p356,"['DatabaseQueryStringAnalysis', 'ProcessAnalysis']"
p357,"['NetworkTrafficFiltering', 'NetworkIsolation']"
p358,['UserBehaviorAnalysis']
p360,"['IdentifierAnalysis', 'URLAnalysis']"
p361,"['FileHashing', 'FileAnalysis', 'IdentifierActivityAnalysis']"
p362,"['OperationalRiskAssessment', 'OperationalActivityMapping', 'SystemVulnerabilityAssessment', 'SystemMapping']"
p363,"['IdentifierActivityAnalysis', 'IdentifierAnalysis', 'FileIntegrityMonitoring', 'PlatformMonitoring']"
p364,"['FileHashing', 'FileAnalysis', 'IdentifierReputationAnalysis', 'IdentifierAnalysis']"
p365,"['UserGeolocationLogonPatternAnalysis', 'UserBehaviorAnalysis', 'IdentifierAnalysis', 'IdentifierReputationAnalysis']"
p366,"['OperationalRiskAssessment', 'OperationalActivityMapping']"
p367,"['IdentifierAnalysis', 'IdentifierReputationAnalysis']"
p368,['UserBehaviorAnalysis']
p370,"['MessageEncryption', 'MessageHardening', 'SystemMapping', 'DataExchangeMapping']"
p371,"['AssetInventory', 'AssetVulnerabilityEnumeration', 'SystemMapping', 'SystemVulnerabilityAssessment']"
p372,"['FileAnalysis', 'MessageAnalysis', 'SenderReputationAnalysis', 'SenderMTAReputationAnalysis', 'IdentifierAnalysis', 'IdentifierActivityAnalysis', 'IdentifierReputationAnalysis']"
p373,['c:AdditionalTask']
p374,"['URLAnalysis', 'IdentifierReputationAnalysis', 'IdentifierAnalysis']"
p375,"['IdentifierReputationAnalysis', 'IdentifierAnalysis']"
p376,"['IdentifierAnalysis', 'IdentifierReputationAnalysis']"
p377,['c:HistoricalDataAnalysis']
p378,"['c:HistoricalDataAnalysis', 'IdentifierAnalysis', 'IdentifierReputationAnalysis', 'IdentifierActivityAnalysis']"
p380,"['IdentifierActivityAnalysis', 'IdentifierAnalysis', 'IdentifierReputationAnalysis']"
p381,"['ConnectionAttemptAnalysis', 'NetworkTrafficAnalysis', 'InboundSessionVolumeAnalysis', 'ProtocolMetadataAnomalyDetection']"
p382,"['IdentifierActivityAnalysis', 'URLAnalysis', 'IdentifierAnalysis']"
p383,"['IdentifierAnalysis', 'IdentifierReputationAnalysis']"
p384,"['IdentifierActivityAnalysis', 'IdentifierReputationAnalysis', 'IdentifierAnalysis', 'FileHashing', 'FileAnalysis']"
p385,"['PlatformMonitoring', 'OperatingSystemMonitoring', 'FirmwareBehaviorAnalysis', 'FirmwareVerification']"
p386,"['FileIntegrityMonitoring', 'PlatformMonitoring', 'ResourceAccessPatternAnalysis']"
p387,"['FileIntegrityMonitoring', 'PlattformMonitoring', 'ResourceAccessPatternAnalysis', 'UserBehaviorAnalysis']"
p388,"['ProcessAnalysis', 'ProcessSpawnAnalysis', 'SystemCallAnalysis', 'ScriptExecutionAnalysis']"
p390,"['NetworkTrafficAnalysis', 'PlatformMonitoring', 'ProcessAnalysis', 'UserBehaviorAnalysis']"
p391,"['ExecutableAllowlisting', 'ExecutionIsolation', 'RemoteTerminalSessionDetection', 'NetworkTrafficAnalysis']"
p392,"['AdministrativeNetworkActivityAnalysis', 'NetworkTrafficAnalysis', 'DNSTrafficAnalysis', 'DNSDenylisting', 'DNSAllowlisting', 'NetworkIsolation']"
p393,"['AdministrativeNetworkActivityAnalysis', 'NetworkTrafficAnalysis', 'ProtocolMetadataAnomalyDetection']"
p394,"['FileIntegrityMonitoring', 'PlatformMonitoring', 'FileAccessPatternAnalysis', 'ProcessAnalysis']"
p395,"['RemoteTerminalSessionDetection', 'NetworkTrafficAnalysis']"
p396,"['ProcessSpawnAnalysis', 'ProcessAnalysis']"
p397,"['DomainAccountMonitoring', 'UserBehaviorAnalysis']"
p400,['c:NotifyingTask']
p401,['c:IncidentDocumentation']
p402,"['ProcessAnalysis', 'ProcessCodeSegmentVerification', 'ProcessSpawnAnalysis', 'ScriptExecutionAnalysis', 'SystemCallAnalysis']"
p403,"['OperatingSystemMonitoring', 'PlatformMonitoring']"
p404,"['RemoteTerminalSessionDetection', 'NetworkTrafficAnalysis']"
p405,"['OperatingSystemMonitoring', 'PlatformMonitoring']"
p406,"['OperatingSystemMonitoring', 'NetworkTrafficAnalysis']"
p407,"['LocalAccountMonitoring', 'UserBehaviorAnalysis']"
p408,"['ProcessSpawnAnalysis', 'ProcessAnalysis']"
p410,"['SystemCallAnalysis', 'ProcessAnalysis']"
p411,"['ShadowStackComparisons', 'OperatingSystemMonitoring', 'PlatformMonitoring', 'SystemCallAnalysis', 'ProcessAnalysis']"
p412,"['FileAnalysis', 'OperatingSystemMonitoring', 'FileIntegrityMonitoring', 'SystemCallAnalysis', 'ProcessAnalysis', 'PlatformMonitoring']"
p413,"['DomainAccountMonitoring', 'AdministrativeNetworkActivityAnalysis', 'UserBehaviorAnalysis', 'NetworkTrafficAnalysis']"
p414,"['Client-serverPayloadProfiling', 'NetworkTrafficCommunityDeviation', 'ProtocolMetadataAnomalyDetection', 'CredentialCompromiseScopeAnalysis', 'NetworkTrafficAnalysis', 'UserBehaviorAnalysis']"
p415,"['OperatingSystemMonitoring', 'PlatformMonitoring', 'ProcessSpawnAnalysis', 'ProcessAnalysis']"
p416,"['DomainAccountMonitoring', 'UserBehaviorAnalysis']"
p417,"['AdministrativeNetworkActivityAnalysis', 'NetworkTrafficAnalysis', 'SystemCallAnalysis', 'ProcessSpawnAnalysis', 'ProcessAnalysis']"
p418,"['SystemCallAnalysis', 'ProcessSpawnAnalysis', 'ProcessAnalysis']"
p420,"['ProcessAnalysis', 'ProcessSpawnAnalysis', 'NetworkTrafficAnalysis', 'RPCTrafficAnalysis']"
p421,"['AuthenticationEventThresholding', 'UserBehaviorAnalysis', 'RestoreNetworkAccess', 'RestoreAccess', 'RestoreUserAccountAccess', 'ResourceAccessPatternAnalysis', 'JobFunctionAccessPatternAnalysis']"
p422,"['NetworkTrafficFiltering', 'NetworkIsolation', 'IdentifierActivityAnalysis', 'IdentifierAnalysis']"
p423,['c:NotifyingTask']
p424,"['NetworkTrafficFiltering', 'NetworkIsolation']"
p425,"['NetworkTrafficFiltering', 'NetworkIsolation']"
p426,"['UserGeolocationLogonPatternAnalysis', 'UserBehaviorAnalysis', 'AuthenticationEventThresholding', 'AuthorizationEventThresholding', 'UserBehaviorAnalysis']"
p427,"['AssetVulnerabilityEnumeration', 'AssetInventory', 'SystemVulnerabilityAssessment', 'SystemMapping', 'OperationalRiskAssessment', 'OperationalActivityMapping']"
p428,"['OperationalActivityMapping', 'OperationalRiskAssessment', 'AssetVulnerabilityEnumeration', 'SystemVulnerabilityAssessment', 'AssetInventory']"
p430,"['AssetVulnerabilityEnumeration', 'AssetInventory', 'SystemVulnerabilityAssessment', 'SystemMapping']"
p431,"['AssetVulnerabilityEnumeration', 'SystemVulnerabilityAssessment', 'AssetInventory', 'SystemMapping']"
p432,"['AssetVulnerabilityEnumeration', 'SystemVulnerabilityAssessment', 'SystemMapping', 'AssetInventory']"
p433,"['AssetInventory', 'AssetVulnerabilityEnumeration', 'SystemVulnerabilityAssessment', 'SystemMapping']"
p434,"['AssetVulnerabilityEnumeration', 'AssetInventory']"
p435,"['ConfigurationInventory', 'DataInventory', 'AssetInventory']"
p436,"['SystemVulnerabilityAssessment', 'OperationalRiskAssessment', 'OperationalActivityMapping', 'SystemMapping']"
p437,"['SystemMapping', 'SystemVulnerabilityAssessment', 'OperationalRiskAssessment', 'OperationalActivityMapping']"
p438,"['IdentifierAnalysis', 'IdentifierReputationAnalysis', 'c:CTI_Input']"
p440,"['RestoreFile', 'RestoreObject', 'ExecutableDenylisting', 'ExecutionIsolation', 'FileHashing', 'FileAnalysis']"
p441,"['ExecutionIsolation', 'ExecutableDenylisting', 'FileHashing', 'FileAnalysis', 'RestoreFile', 'RestoreObject']"
p442,"['ExecutableDenylisting', 'FileHashing', 'RestoreFile', 'RestoreObject', 'FileAnalysis', 'ExecutionIsolation']"
p443,"['ExecutableDenylisting', 'FileHashing', 'RestoreFile', 'RestoreObject', 'FileAnalysis', 'ExecutionIsolation']"
p444,"['ExecutableDenylisting', 'ExecutionIsolation', 'FileHashing', 'FileAnalysis']"
p445,"['FileAnalysis', 'FileHashing', 'ExecutableDenylisting', 'ExecutionIsolation']"
p446,"['ExecutionIsolation', 'ExecutableDenylisting', 'FileHashing', 'FileAnalysis']"
p447,"['ExecutionIsolation', 'ExecutableDenylisting', 'FileHashing', 'FileAnalysis']"
p448,"['ExecutionIsolation', 'ExecutableDenylisting', 'FileHashing', 'FileAnalysis']"
p450,"['ExecutionIsolation', 'ExecutableDenylisting', 'NetworkTrafficFiltering', 'NetworkIsolation']"
p451,"['NetworkIsolation', 'NetworkTrafficFiltering', 'ExecutableDenylisting', 'ExecutionIsolation']"
p452,"['ExecutableDenylisting', 'ExecutionIsolation', 'NetworkIsolation', 'NetworkTrafficFiltering', 'DNSDenylisting']"
p453,"['DNSDenylisting', 'NetworkTrafficFiltering', 'NetworkIsolation', 'ExecutableDenylisting', 'ExecutionIsolation']"
p454,"['ExecutableDenylisting', 'ExecutionIsolation', 'IdentifierReputationAnalysis', 'IdentifierAnalysis', 'FileHashing', 'FileAnalysis']"
p455,"['NetworkTrafficFiltering', 'NetworkIsolation', 'RestoreNetworkAccess', 'RestoreAccess']"
p456,"['AccountLocking', 'CredentialEviction']"
p457,"['AccountLocking', 'CredentialEviction']"
p458,"['BroadcastDomainIsolation', 'NetworkIsolation', 'NetworkTrafficFiltering']"
p460,"['NetworkTrafficFiltering', 'NetworkIsolation', 'BroadcastDomainIsolation', 'RestoreNetworkAccess', 'RestoreAccess']"
p461,"['NetworkIsolation', 'NetworkTrafficFiltering', 'RestoreNetworkAccess', 'RestoreAccess']"
p462,"['RestoreNetworkAccess', 'RestoreAccess', 'NetworkIsolation', 'NetworkTrafficFiltering']"
p463,"['NetworkTrafficFiltering', 'NetworkIsolation', 'BroadcastDomainIsolation', 'RestoreNetworkAccess', 'RestoreAccess']"
p464,"['NetworkTrafficFiltering', 'NetworkIsolation', 'BroadcastDomainIsolation', 'RestoreNetworkAccess', 'RestoreAccess']"
p465,"['NetworkTrafficFiltering', 'NetworkIsolation', 'BroadcastDomainIsolation', 'RestoreNetworkAccess', 'RestoreAccess']"
p466,"['NetworkTrafficFiltering', 'NetworkIsolation', 'BroadcastDomainIsolation', 'RestoreNetworkAccess', 'RestoreAccess']"
p467,"['NetworkTrafficFiltering', 'NetworkIsolation', 'BroadcastDomainIsolation', 'RestoreNetworkAccess', 'RestoreAccess']"
p468,"['NetworkTrafficFiltering', 'NetworkIsolation', 'BroadcastDomainIsolation', 'RestoreNetworkAccess', 'RestoreAccess']"
p470,"['DNSDenylisting', 'NetworkIsolation']"
p471,"['DNSDenylisting', 'NetworkIsolation']"
p472,"['NetworkTrafficFiltering', 'NetworkIsolation']"
p473,"['OperatingSystemMonitoring', 'PlatformMonitoring']"
p474,"['IdentifierReputationAnalysis', 'IdentifierAnalysis']"
p475,"['IdentifierAnalysis', 'IdentifierReputationAnalysis']"
p476,"['IdentifierAnalysis', 'IdentifierReputationAnalysis']"
p477,"['IdentifierReputationAnalysis', 'IdentifierAnalysis']"
p478,"['IdentifierReputationAnalysis', 'IdentifierAnalysis']"
p480,"['IdentifierAnalysis', 'IdentifierReputationAnalysis']"
p481,"['IdentifierReputationAnalysis', 'IdentifierAnalysis']"
p482,"['IdentifierReputationAnalysis', 'IdentifierAnalysis']"
p483,"['IdentifierReputationAnalysis', 'IdentifierAnalysis']"
p484,"['IdentifierReputationAnalysis', 'IdentifierAnalysis']"
p485,"['OperationalRiskAssessment', 'OperationalActivityMapping']"
p486,"['SystemVulnerabilityAssessment', 'SystemMapping', 'OperationalRiskAssessment', 'OperationalActivityMapping']"
p487,"['IdentifierActivityAnalysis', 'IdentifierReputationAnalysis', 'IdentifierAnalysis', 'ExecutionIsolation', 'NetworkIsolation']"
p488,['c:NotifyingTask']
p490,"['OperationalActivityMapping', 'OperationalRiskAssessment', 'SystemVulnerabilityAssessment', 'SystemMapping']"
p491,['c:NotifyingTask']
p492,['c:NotifyingTask']
p493,"['OperationalRiskAssessment', 'OperationalActivityMapping']"
p494,"['ProcessEviction', 'FileEviction', 'HostShutdown', 'ProcessTermination']"
p495,"['ProcessEviction', 'FileEviction', 'HostShutdown', 'ProcessTermination']"
p496,"['ProcessTermination', 'HostShutdown', 'ProcessEviction', 'OperatingSystemMonitoring', 'PlatformMonitoring']"
p497,"['PlatformMonitoring', 'OperatingSystemMonitoring', 'ProcessEviction', 'HostShutdown', 'ProcessTermination']"
p500,"['PlatformHardening', 'SoftwareUpdate']"
p501,"['AccountLocking', 'CredentialRevocation']"
p502,"['AccountLocking', 'CredentialEviction', 'RestoreUserAccountAccess', 'RestoreAccess']"
p503,"['AccountLocking', 'CredentialRevocation', 'RestoreAccess', 'RestoreUserAccountAccess']"
p504,"['RestoreUserAccountAccess', 'RestoreAccess', 'AccountLocking', 'CredentialEviction']"
p505,"['RestoreAccess', 'RestoreUserAccountAccess', 'AccountLocking', 'CredentialEviction']"
p506,"['RestoreUserAccountAccess', 'RestoreAccess']"
p507,"['CredentialRotation', 'LocalAccountMonitoring', 'UserBehaviorAnalysis', 'CredentialHardening']"
p508,"['c:CTI_Input', 'AssetVulnerabilityEnumeration', 'AssetInventory', 'SystemVulnerabilityAssessment', 'SystemMapping']"
p510,"['c:CTI_Input', 'AssetInventory', 'AssetVulnerabilityEnumeration', 'SystemVulnerabilityAssessment', 'SystemMapping']"
p511,"['c:CTI_Input', 'SystemMapping', 'SystemVulnerabilityAssessment', 'AssetInventory', 'AssetVulnerabilityEnumeration']"
p512,"['c:CTI_Input', 'AssetInventory', 'AssetVulnerabilityEnumeration']"
p513,"['c:CTI_Input', 'IdentifierReputationAnalysis', 'IdentifierAnalysis']"
p514,"['IdentifierAnalysis', 'IdentifierReputationAnalysis', 'c:CTI_Input']"
p515,"['c:CTI_Input', 'IdentifierReputationAnalysis', 'IdentifierAnalysis']"
p516,"['c:CTI_Input', 'IdentifierAnalysis', 'IdentifierReputationAnalysis']"
p517,"['c:CTI_Input', 'IdentifierAnalysis', 'IdentifierReputationAnalysis']"
p518,"['c:CTI_Input', 'IdentifierAnalysis', 'IdentifierReputationAnalysis']"
p520,"['IdentifierAnalysis', 'IdentifierReputationAnalysis', 'c:CTI_Input']"
p521,"['IdentifierAnalysis', 'IdentifierReputationAnalysis', 'c:CTI_Input']"
p522,"['IdentifierAnalysis', 'IdentifierReputationAnalysis', 'c:CTI_Input']"
p523,"['IdentifierAnalysis', 'IdentifierReputationAnalysis', 'c:CTI_Input']"
p524,"['IdentifierAnalysis', 'IdentifierReputationAnalysis', 'c:CTI_Input']"
p525,"['IdentifierAnalysis', 'IdentifierReputationAnalysis', 'c:CTI_Input']"
p526,"['IdentifierAnalysis', 'IdentifierReputationAnalysis', 'c:CTI_Input']"
p527,"['IdentifierReputationAnalysis', 'IdentifierAnalysis', 'c:CTI_Input']"
p528,"['IdentifierAnalysis', 'IdentifierReputationAnalysis', 'c:CTI_Input']"
p530,"['IdentifierAnalysis', 'IdentifierReputationAnalysis', 'c:CTI_Input']"
p531,"['IdentifierAnalysis', 'IdentifierReputationAnalysis', 'c:CTI_Input']"
p532,"['IdentifierAnalysis', 'IdentifierReputationAnalysis', 'c:CTI_Input']"
p533,"['IdentifierAnalysis', 'IdentifierReputationAnalysis', 'c:CTI_Input']"
p534,"['IdentifierAnalysis', 'IdentifierReputationAnalysis', 'c:CTI_Input']"
p535,"['FileRemoval', 'FileEviction', 'NetworkTrafficFiltering', 'NetworkIsolation']"
p536,"['NetworkIsolation', 'NetworkTrafficFiltering', 'FileRemoval', 'FileEviction']"
p537,"['FileEviction', 'NetworkIsolation', 'FileRemoval', 'NetworkTrafficFiltering']"
p538,"['DNSTrafficAnalysis', 'NetworkTrafficAnalysis', 'IdentifierAnalysis', 'IdentifierReputationAnalysis']"
p540,"['CredentialRotation', 'CredentialRevocation', 'CredentialHardening', 'CredentialEviction']"
p541,"['CredentialRotation', 'CredentialRevocation', 'CredentialEviction', 'CredentialHardening']"
p542,['c:NotifyingTask']
p543,"['OperationalRiskAssessment', 'OperationalActivityMapping', 'AssetVulnerabilityEnumeration', 'AssetInventory']"
p544,"['UserBehaviorAnalysis', 'UserGeolocationLogonPatternAnalysis', 'IdentifierReputationAnalysis', 'IdentifierAnalysis']"
p545,"['IdentifierAnalysis', 'IdentifierReputationAnalysis', 'UserGeolocationLogonPatternAnalysis', 'UserBehaviorAnalysis']"
p546,"['OperationalRiskAssessment', 'OperationalActivityMapping', 'IdentifierReputationAnalysis', 'IdentifierAnalysis', 'AssetInventory', 'AssetVulnerabilityEnumeration']"
p547,['c:NotifyingTask']
p548,"['AssetInventory', 'AssetVulnerabilityEnumeration', 'c:CTI_Input', 'IdentifierReputationAnalysis', 'IdentifierAnalysis']"
p550,"['SystemVulnerabilityAssessment', 'OperationalRiskAssessment', 'OperationalActivityMapping', 'SystemMapping']"
p551,"['NetworkIsolation', 'BroadcastDomainIsolation']"
p552,"['NetworkIsolation', 'BroadcastDomainIsolation']"
p553,"['OperatingSystemMonitoring', 'PlatformMonitoring', 'SystemVulnerabilityAssessment', 'SystemMapping']"
p554,"['SystemMapping', 'SystemVulnerabilityAssessment', 'OperatingSystemMonitoring', 'PlattformMonitoring']"
p555,"['c:CTI_Input', 'IdentifierAnalysis', 'IdentifierReputationAnalysis']"
p556,"['IdentifierReputationAnalysis', 'IdentifierAnalysis', 'c:CTI_Input']"
p557,"['IdentifierReputationAnalysis', 'IdentifierAnalysis', 'c:CTI_Input']"
p558,"['IdentifierReputationAnalysis', 'IdentifierAnalysis', 'c:CTI_Input']"
p560,"['AssetInventory', 'SoftwareInventory']"
p561,"['AssetVulnerabilityEnumeration', 'AssetInventory']"
p562,"['AssetVulnerabilityEnumeration', 'AssetInventory', 'OperationalRiskAssessment', 'OperationalActivityMapping']"
p563,"['AssetInventory', 'ConfigurationInventory', 'NetworkNodeInventory', 'SoftwareInventory']"
p564,"['AssetInventory', 'ConfigurationInventory', 'NetworkNodeInventory', 'SoftwareInventory']"
p565,"['OperationalRiskAssessment', 'OperationalActivityMapping']"
p566,"['OperationalRiskAssessment', 'OperationalActivityMapping']"
p567,"['OperationalRiskAssessment', 'OperationalActivityMapping', 'AssetVulnerabilityEnumeration', 'AssetInventory']"
p568,"['AssetInventory', 'AssetVulnerabilityEnumeration', 'OperationalRiskAssessment', 'OperationalActivityMapping']"
p570,"['AssetVulnerabilityEnumeration', 'AssetInventory', 'OperationalRiskAssessment', 'OperationalActivityMapping']"
p571,"['AssetInventory', 'AssetVulnerabilityEnumeration', 'OperationalActivityMapping', 'OperationalRiskAssessment']"
p572,"['FileRemoval', 'FileEviction', 'FileHashing', 'IdentifierReputationAnalysis', 'IdentifierAnalysis', 'FileAnalysis']"
p573,"['OperationalRiskAssessment', 'OperationalActivityMapping']"
p574,"['OperationalActivityMapping', 'OperationalRiskAssessment']"
p575,['IdentifierAnalysis']
p576,['IdentifierAnalysis']
p577,"['AssetVulnerabilityEnumeration', 'AssetInventory', 'SystemVulnerabilityAssessment', 'SystemMapping']"
p578,"['NetworkTrafficFiltering', 'NetworkIsolation', 'IdentifierReputationAnalysis', 'IdentifierAnalysis', 'FileRemoval', 'FileEviction']"
p580,"['IdentifierAnalysis', 'IdentifierReputationAnalysis', 'FileRemoval', 'FileEviction', 'NetworkTrafficFiltering', 'NetworkIsolation']"
p581,"['OperationalRiskAssessment', 'OperationalActivityMapping', 'c:IncidentHandlingManagement']"
p582,"['AssetVulnerabilityEnumeration', 'AssetInventory', 'SystemVulnerabilityAssessment', 'SystemMapping', 'OperationalRiskAssessment', 'OperationalActivityMapping']"
p583,"['UserBehaviorAnalysis', 'AccountLocking', 'CredentialEviction', 'LocalAccountMonitoring', 'JobFunctionAccessPatternAnalysis']"
p584,"['FileAnalysis', 'IdentifierReputationAnalysis', 'IdentifierAnalysis']"
p585,"['IdentifierAnalysis', 'IdentifierReputationAnalysis', 'IdentifierActivityAnalysis', 'NetworkTrafficFiltering', 'NetworkIsolation', 'FileRemoval', 'FileEviction']"
p586,"['FileAnalysis', 'IdentifierReputationAnalysis', 'IdentifierAnalysis']"
p587,"['FileAnalysis', 'IdentifierReputationAnalysis', 'IdentifierAnalysis']"
p588,"['FileAnalysis', 'IdentifierReputationAnalysis', 'IdentifierAnalysis']"
p590,"['FileAnalysis', 'IdentifierReputationAnalysis', 'IdentifierAnalysis']"
p591,"['OperationalRiskAssessment', 'OperationalActivityMapping']"
p592,"['FileRemoval', 'FileEviction']"
p593,"['FileRemoval', 'FileEviction']"
p594,"['NetworkIsolation', 'BroadcastDomainIsolation']"
p595,"['BroadcastDomainIsolation', 'NetworkIsolation']"
p596,"['BroadcastDomainIsolation', 'NetworkIsolation']"
p597,"['NetworkIsolation', 'BroadcastDomainIsolation']"
p600,"['NetworkIsolation', 'BroadcastDomainIsolation']"
p601,"['NetworkIsolation', 'BroadcastDomainIsolation']"
p602,"['BroadcastDomainIsolation', 'NetworkIsolation']"
p603,"['BroadcastDomainIsolation', 'NetworkIsolation']"
p604,"['BroadcastDomainIsolation', 'NetworkIsolation']"
p605,"['BroadcastDomainIsolation', 'NetworkIsolation']"
p606,"['BroadcastDomainIsolation', 'NetworkIsolation', 'RestoreNetworkAccess', 'RestoreAccess']"
p607,"['RestoreAccess', 'RestoreNetworkAccess', 'NetworkIsolation', 'BroadcastDomainIsolation']"
p608,"['BroadcastDomainIsolation', 'NetworkIsolation', 'RestoreNetworkAccess', 'RestoreAccess']"
p610,"['BroadcastDomainIsolation', 'NetworkIsolation', 'RestoreNetworkAccess', 'RestoreAccess']"
p611,"['RestoreAccess', 'RestoreNetworkAccess', 'BroadcastDomainIsolation', 'NetworkIsolation']"
p612,"['BroadcastDomainIsolation', 'NetworkIsolation', 'RestoreNetworkAccess', 'RestoreAccess']"
p613,"['RestoreAccess', 'RestoreNetworkAccess', 'BroadcastDomainIsolation', 'NetworkIsolation']"
p614,"['OperationalRiskAssessment', 'OperationalActivityMapping', 'SystemVulnerabilityAssessment', 'SystemMapping']"
p615,"['CredentialRotation', 'AccountLocking', 'CredentialEviction', 'CredentialHardening']"
p616,"['CredentialRotation', 'AccountLocking', 'CredentialEviction', 'CredentialHardening']"
p617,"['AuthenticationCacheInvalidation', 'CredentialEviction']"
p618,"['AuthenticationCacheInvalidation', 'CredentialEviction']"
p620,"['AssetVulnerabilityEnumeration', 'AssetInventory']"
p621,"['AssetInventory', 'NetworkTrafficAnalysis']"
p622,"['AssetVulnerabilityEnumeration', 'AssetInventory']"
p623,"['AssetVulnerabilityEnumeration', 'AssetInventory']"
p624,"['MessageAnalysis', 'SenderReputationAnalysis', 'NetworkTrafficFiltering', 'NetworkIsolation', 'DNSDenylisting', 'NetworkIsolation']"
p625,"['MessageAnalysis', 'SenderReputationAnalysis', 'NetworkTrafficFiltering', 'NetworkIsolation', 'DNSDenylisting', 'NetworkIsolation']"
p626,"['IdentifierReputationAnalysis', 'IdentifierAnalysis']"
p627,"['UserGeolocationLogonPatternAnalysis', 'UserBehaviorAnalysis', 'JobFunctionAccessPatternAnalysis', 'LocalAccountMonitoring', 'AccountLocking', 'CredentialEviction']"
p628,"['NetworkTrafficFiltering', 'NetworkIsolation']"
p630,"['RestoreUserAccountAccess', 'RestoreAccess']"
p631,"['RestoreAccess', 'RestoreUserAccountAccess']"
p632,"['IdentifierReputationAnalysis', 'IdentifierAnalysis']"
p633,"['IdentifierReputationAnalysis', 'IdentifierAnalysis']"
p634,"['c:CTI_Input', 'IdentifierAnalysis', 'IdentifierReputationAnalysis']"
p635,"['AssetInventory', 'AssetVulnerabilityEnumeration', 'SoftwareUpdate', 'PlatformHardening']"
p636,"['PlatformHardening', 'SoftwareUpdate', 'AssetVulnerabilityEnumeration', 'AssetInventory']"
p637,"['SystemMapping', 'SystemDependencyMapping', 'OrganizationMapping', 'OperationalActivityMapping']"
p638,"['OperationalActivityMapping', 'OrganizationMapping', 'AccessModeling', 'OperationalActivityMapping']"
p640,"['AccountLocking', 'CredentialEviction']"
p641,"['CredentialEviction', 'AccountLocking']"
p642,['c:AdditionalTask']
p643,"['OrganizationMapping', 'OperationalActivityMapping', 'OperationalDependencyMapping', 'AccessModeling']"
p644,"['CredentialRotation', 'CredentialHardening']"
p645,"['CredentialRotation', 'CredentialHardening', 'CredentialEviction', 'CredentialRevocation']"
p646,"['AccountLocking', 'CredentialEviction']"
p647,"['CredentialEviction', 'AccountLocking']"
p648,"['OperatingSystemMonitoring', 'PlatformMonitoring']"
p650,['c:AdditionalTask']
p651,['c:NotifyingTask']
p652,['c:AdditionalTask']
p653,"['CredentialRotation', 'CredentialHardening', 'CredentialRevocation', 'CredentialEviction']"
p654,"['AccessModeling', 'OperationalActivityMapping', 'OrganizationMapping']"
p655,['c:AdditionalTask']
p656,"['RestoreUserAccountAccess', 'RestoreAccess']"
p657,"['CredentialEviction', 'AccountLocking', 'CredentialHardening', 'UserAccountPermissions']"
p658,"['SoftwareInventory', 'AssetInventory']"
p660,"['SoftwareInventory', 'AssetInventory', 'ConfigurationInventory']"
p661,"['SoftwareInventory', 'AssetInventory']"
p662,"['ServiceDependencyMapping', 'SystemMapping']"
p663,"['FirmwareVerification', 'PlatformMonitoring', 'OperatingSystemMonitoring', 'FileAnalysis']"
p664,"['ProcessEviction', 'ProcessTermination']"
p665,"['SoftwareInventory', 'AssetInventory']"
p666,"['SystemConfigurationPermissions', 'PlatformHardening', 'CredentialHardening']"
p667,"['ProcessEviction', 'ProcessSuspension', 'ProcessTermination']"
p668,"['ConfigurationInventory', 'AssetInventory']"
p670,"['SystemDependencyMapping', 'SystemMapping']"
p671,"['NetworkNodeInventory', 'AssetInventory', 'NetworkTrafficPolicyMapping', 'NetworkMapping']"
p672,"['ConfigurationInventory', 'NetworkMapping', 'NetworkTrafficPolicyMapping', 'AssetInventory']"
p673,['NetworkTrafficAnalysis']
p674,"['RestoreDatabase', 'RestoreObject', 'DatabaseQueryStringAnalysis', 'ProcessAnalysis']"
p675,"['DatabaseQueryStringAnalysis', 'ProcessAnalysis', 'DataInventory', 'AssetInventory']"
p676,"['AssetInventory', 'DataInventory']"
p677,"['DatabaseQueryStringAnalysis', 'ProcessAnalysis']"
p678,"['FileAnalysis', 'FileContentAnalysis']"
p680,"['RestoreDatabase', 'RestoreObject', 'DataInventory', 'AssetInventory']"
p681,"['RestoreDatabase', 'RestoreObject']"
p682,['c:AdditionalTask']
p683,['c:AdditionalTask']
p684,['c:AdditionalTask']
p685,"['FileEviction', 'FileRemoval', 'RestoreObject', 'RestoreFile']"
p686,"['RestoreFile', 'RestoreObject']"
p687,"['RestoreFile', 'RestoreObject']"
p688,"['FileIntegrityMonitoring', 'PlatformMonitoring']"
p690,"['FileIntegrityMonitoring', 'PlatformMonitoring']"
p691,"['FileIntegrityMonitoring', 'PlatformMonitoring']"
p692,"['OperatingSystemMonitoring', 'PlattformMonitoring']"
p693,['c:AdditionalTask']
p694,['c:AdditionalTask']
p695,['c:AdditionalTask']
p696,"['FileEviction', 'FileRemoval']"
p697,['c:AdditionalTask']
p700,['c:AdditionalTask']
p701,['c:AdditionalTask']
p702,"['FileIntegrityMonitoring', 'PlattformMonitoring']"
p703,['c:AdditionalTask']
p704,"['FileIntegrityMonitoring', 'PlattformMonitoring']"
p705,['c:AdditionalTask']
p706,['c:AdditionalTask']
p707,['c:AdditionalTask']
p708,['c:AdditionalTask']
p710,"['FileRemoval', 'FileEviction']"
p711,"['FileEviction', 'FileRemoval']"
p712,"['RestoreFile', 'RestoreObject']"
p713,['c:AdditionalTask']
p714,['c:IncidentHandlingManagement']
p715,['c:IncidentHandlingManagement']
p716,['c:NotifyingTask']
p717,['c:IncidentHandlingManagement']
p718,['c:IncidentHandlingManagement']
p720,['c:IncidentHandlingManagement']
p721,['c:NotifyingTask']
p722,['c:NotifyingTask']
p723,['c:AdditionalTask']
p724,"['RestoreDiskImage', 'RestoreObject']"
p725,"['RestoreObject', 'RestoreDiskImage']"
p726,['c:AdditionalTask']
p727,['c:AdditionalTask']
p728,"['DataExchangeMapping', 'SystemMapping', 'AccessModeling', 'OperationalActivityMapping']"
p730,"['DomainAccountMonitoring', 'UserBehaviorAnalysis', 'AdministrativeNetworkActivityAnalysis', 'NetworkTrafficAnalysis']"
p731,"['DomainTrustPolicy', 'CredentialHardening', 'SystemConfigurationPermissions', 'PlatformHardening']"
p732,"['AuthenticationEventThresholding', 'UserBehaviorAnalysis']"
p733,"['SystemConfigurationPermissions', 'UserAccountPermissions', 'CredentialHardening', 'DomainTrustPolicy', 'PlatformHardening', 'ExecutableDenylisting', 'ExecutionIsolation']"
p734,"['CredentialCompromiseScopeAnalysis', 'UserBehaviorAnalysis', 'LocalAccountMonitoring']"
p735,['FileAnalysis']
p736,['ProcessAnalysis']
p737,"['FileAnalysis', 'PlatformMonitoring']"
p738,['NetworkTrafficAnalysis']
p740,['NetworkTrafficAnalysis']
p741,"['IdentifierAnalysis', 'IdentifierReputationAnalysis']"
p742,['c:AdditionalTask']
p743,['c:AdditionalTask']
p744,"['SoftwareInventory', 'AssetInventory']"
p745,"['OperatingSystemMonitoring', 'PlatformMonitoring', 'ProcessAnalysis']"
p746,"['FileRemoval', 'FileEviction']"
p747,"['OperatingSystemMonitoring', 'PlattformMonitoring', 'PlatformMonitoring']"
p748,"['PlatformMonitoring', 'OperatingSystemMonitoring']"
p750,"['OperatingSystemMonitoring', 'PlatformMonitoring']"
p751,"['PlatformMonitoring', 'OperatingSystemMonitoring']"
p752,"['OperatingSystemMonitoring', 'PlatformMonitoring']"
p753,"['c:AdditionalTask', 'HostShutdown', 'ProcessEviction']"
p754,['c:AdditionalTask']
p755,"['HostShutdown', 'ProcessEviction']"
p756,"['ProcessEviction', 'HostShutdown']"
p757,"['HostShutdown', 'ProcessEviction', 'RestoreObject']"
p758,"['ProcessEviction', 'HostShutdown']"
p760,"['ServiceDependencyMapping', 'SystemMapping', 'ConfigurationInventory', 'SoftwareInventory', 'AssetInventory']"
p761,"['RestoreDiskImage', 'RestoreConfiguration', 'RestoreObject']"
p762,"['ConfigurationInventory', 'SystemDependencyMapping', 'SystemMapping', 'AssetInventory']"
p763,"['SystemDependencyMapping', 'ConfigurationInventory', 'AssetInventory', 'SystemMapping']"
p764,"['AssetInventory', 'ConfigurationInventory', 'SystemDependencyMapping', 'SystemMapping']"
p765,"['FileRemoval', 'FileEviction', 'HostShutdown', 'ProcessEviction']"
p766,"['ProcessEviction', 'HostShutdown', 'FileRemoval', 'FileEviction']"
p767,"['RestoreDiskImage', 'RestoreConfiguration', 'RestoreObject']"
p768,"['RestoreObject', 'RestoreConfiguration', 'RestoreDiskImage']"
p770,"['SoftwareInventory', 'AssetInventory']"
p771,"['PlatformMonitoring', 'FileIntegrityMonitoring', 'RestoreObject', 'RestoreFile', 'RestoreDatabase']"
p772,"['IdentifierAnalysis', 'URLAnalysis', 'OperatingSystemMonitoring', 'PlattformMonitoring']"
p773,"['URLAnalysis', 'IdentifierAnalysis']"
p774,['c:AdditionalTask']
p775,['ProcessAnalysis']
p776,['c:AdditionalTask']
p777,['c:AdditionalTask']
p778,['ProcessAnalysis']
p780,"['ProcessAnalysis', 'RestoreObject']"
p781,"['NetworkTrafficAnalysis', 'URLAnalysis', 'IdentifierAnalysis']"
p782,"['OperatingSystemMonitoring', 'PlatformMonitoring']"
p783,"['PlatformMonitoring', 'OperatingSystemMonitoring']"
p784,"['RestoreUserAccountAccess', 'RestoreAccess']"
p785,['c:AdditionalTask']
p786,"['NetworkTrafficFiltering', 'NetworkIsolation']"
p787,"['NetworkTrafficFiltering', 'NetworkIsolation', 'SenderReputationAnalysis', 'MessageAnalysis']"
p788,"['NetworkTrafficFiltering', 'IdentifierReputationAnalysis', 'IdentifierAnalysis']"
p790,['c:AdditionalTask']
p791,['MessageAnalysis']
p792,"['IdentifierAnalysis', 'IdentifierReputationAnalysis', 'FileHashing', 'FileAnalysis']"
p793,"['IdentifierAnalysis', 'IdentifierReputationAnalysis']"
p794,"['IdentifierReputationAnalysis', 'IdentifierAnalysis']"
p795,['c:AdditionalTask']
p796,"['NetworkTrafficFiltering', 'NetworkIsolation']"
p797,"['IdentifierReputationAnalysis', 'IdentifierAnalysis']"
p800,['c:AdditionalTask']
p801,['c:AdditionalTask']
p802,['c:AdditionalTask']
p803,['c:AdditionalTask']
p804,"['UserBehaviorAnalysis', 'JobFunctionAccessPatternAnalysis']"
p805,"['JobFunctionAccessPatternAnalysis', 'UserBehaviorAnalysis']"
p806,"['SenderReputationAnalysis', 'MessageAnalysis', 'IdentifierReputationAnalysis', 'IdentifierAnalysis', 'FileRemoval', 'FileEviction']"
p807,"['CertificateAnalysis', 'NetworkTrafficAnalysis', 'IdentifierAnalysis', 'IdentifierReputationAnalysis']"
p808,"['CredentialRevocation', 'AccountLocking', 'CredentialEviction', 'CredentialHardening', 'CredentialRotation', 'StrongPasswordPolicy']"
p810,['c:NotifyingTask']
p811,['c:NotifyingTask']
p812,"['AccountLocking', 'CredentialEviction', 'RestoreAccess', 'RestoreUserAccountAccess']"
p813,"['UserBehaviorAnalysis', 'LocalAccountMonitoring']"
p814,"['AccessModeling', 'OperationalActivityMapping']"
p815,"['IdentifierReputationAnalysis', 'IdentifierAnalysis', 'ExecutableDenylisting', 'NetworkTrafficFiltering', 'NetworkIsolation', 'ExecutionIsolation']"
p816,"['UserBehaviorAnalysis', 'NetworkTrafficAnalysis']"
p817,"['IdentifierReputationAnalysis', 'IdentifierActivityAnalysis', 'IdentifierAnalysis', 'ExecutionIsolation', 'NetworkIsolation']"
p818,"['IdentifierReputationAnalysis', 'IdentifierAnalysis', 'IdentifierActivityAnalysis', 'AccountLocking', 'CredentialRevocation', 'CredentialEviction', 'CredentialRotation', 'CredentialHardening']"
p820,['c:NotifyingTask']
p821,"['IdentifierAnalysis', 'IdentifierActivityAnalysis', 'FileAnalysis', 'FileAccessPatternAnalysis', 'ProcessSpawnAnalysis', 'ProcessAnalysis', 'FileRemoval', 'FileEviction']"
p822,"['NetworkTrafficFiltering', 'NetworkIsolation']"
p823,"['NetworkIsolation', 'NetworkTrafficFiltering']"
p824,"['FileRemoval', 'FileEviction', 'FileContentAnalysis', 'FileAnalysis']"
p825,"['IdentifierReputationAnalysis', 'IdentifierAnalysis']"
p826,"['IdentifierAnalysis', 'IdentifierReputationAnalysis', 'DNSTrafficAnalysis', 'NetworkTrafficAnalysis', 'NetworkTrafficAnalysis']"
p827,"['DNSDenylisting', 'NetworkIsolation']"
p828,"['IdentifierReputationAnalysis', 'IdentifierAnalysis']"
p830,"['BroadcastDomainIsolation', 'NetworkIsolation']"
p831,"['FileAnalysis', 'IdentifierReputationAnalysis', 'IdentifierAnalysis', 'IdentifierActivityAnalysis']"
p832,['c:IncidentHandlingManagement']
p833,"['AccountLocking', 'CredentialEviction', 'LocalAccountMonitoring', 'UserBehaviorAnalysis']"
p834,"['IdentifierAnalysis', 'IdentifierReputationAnalysis', 'Client-serverPayloadProfiling', 'NetworkTrafficSignatureAnalysis', 'RemoteTerminalSessionDetection', 'NetworkTrafficAnalysis']"
p835,"['FileAccessPatternAnalysis', 'ResourceAccessPatternAnalysis', 'UserBehaviorAnalysis', 'ProcessAnalysis', 'NetworkTrafficFiltering']"
p836,"['IdentifierReputationAnalysis', 'IdentifierAnalysis', 'DNSTrafficAnalysis', 'NetworkTrafficAnalysis']"
p837,"['LocalAccountMonitoring', 'UserBehaviorAnalysis', 'CredentialRevocation', 'CredentialEviction']"
p838,"['DNSTrafficAnalysis', 'NetworkTrafficAnalysis', 'IdentifierReputationAnalysis', 'IdentifierAnalysis']"
p840,"['IdentifierReputationAnalysis', 'IdentifierAnalysis']"
p841,"['IdentifierReputationAnalysis', 'IdentifierAnalysis']"
p842,"['IdentifierReputationAnalysis', 'IdentifierAnalysis']"
p843,"['BroadcastDomainIsolation', 'NetworkIsolation', 'NetworkTrafficFiltering']"
p844,"['IdentifierReputationAnalysis', 'IdentifierAnalysis', 'IdentifierActivityAnalysis', 'NetworkTrafficAnalysis']"
p845,"['c:CTI_Input', 'AssetVulnerabilityEnumeration', 'AssetInventory', 'IdentifierAnalysis', 'IdentifierReputationAnalysis']"
p846,"['AssetVulnerabilityEnumeration', 'AssetInventory', 'SystemVulnerabilityAssessment', 'SystemMapping']"
p847,"['AdministrativeNetworkActivityAnalysis', 'ProcessAnalysis', 'NetworkTrafficAnalysis']"
p848,"['AssetVulnerabilityEnumeration', 'AssetInventory']"
p850,"['FileAnalysis', 'RPCTrafficAnalysis', 'NetworkTrafficAnalysis', 'AssetVulnerabilityEnumeration', 'AssetInventory', 'BroadcastDomainIsolation', 'NetworkIsolation']"
p851,"['FileAnalysis', 'AssetVulnerabilityEnumeration', 'AssetInventory']"
p852,"['AssetInventory', 'AssetVulnerabilityEnumeration', 'FileAnalysis', 'FileRemoval', 'FileEviction', 'BroadcastDomainIsolation', 'NetworkIsolation', 'HostShutdown', 'ProcessEviction']"
p853,"['AssetInventory', 'AssetVulnerabilityEnumeration', 'SystemVulnerabilityAssessment', 'SystemMapping']"
p854,"['IdentifierReputationAnalysis', 'IdentifierAnalysis']"
p855,"['IdentifierReputationAnalysis', 'IdentifierAnalysis']"
p856,"['IdentifierReputationAnalysis', 'IdentifierAnalysis', 'CertificateAnalysis', 'NetworkTrafficAnalysis']"
p857,"['AssetVulnerabilityEnumeration', 'AssetInventory', 'SystemVulnerabilityAssessment', 'SystemMapping']"
p858,"['SystemVulnerabilityAssessment', 'SystemMapping', 'FileRemoval', 'FileEviction', 'NetworkTrafficFiltering', 'NetworkIsolation', 'HostShutdown', 'ProcessEviction']"
p860,"['SystemVulnerabilityAssessment', 'SystemMapping', 'AssetVulnerabilityEnumeration', 'AssetInventory']"
p861,"['SystemVulnerabilityAssessment', 'SystemMapping', 'DomainAccountMonitoring', 'UserBehaviorAnalysis', 'CredentialRotation', 'CredentialHardening']"
p862,"['CredentialHardening', 'CredentialRotation', 'AccountLocking', 'CredentialEviction', 'CredentialCompromiseScopeAnalysis', 'UserBehaviorAnalysis']"
p863,"['HostShutdown', 'ProcessEviction', 'AccountLocking', 'CredentialEviction', 'ExecutableDenylisting', 'ExecutionIsolation', 'IdentifierAnalysis', 'IdentifierReputationAnalysis', 'IdentifierActivityAnalysis']"
p864,"['SenderReputationAnalysis', 'MessageAnalysis', 'FileAnalysis', 'IdentifierReputationAnalysis', 'IdentifierAnalysis', 'FileHashing', 'IdentifierActivityAnalysis']"
p865,"['HostShutdown', 'ProcessEviction', 'ExecutableDenylisting', 'NetworkIsolation', 'OperatingSystemMonitoring', 'PlattformMonitoring']"
p866,"['AssetVulnerabilityEnumeration', 'AssetInventory', 'IdentifierReputationAnalysis', 'IdentifierAnalysis', 'c:NotifyingTask']"
p867,"['IdentifierAnalysis', 'IdentifierReputationAnalysis']"
p868,"['FileAnalysis', 'FileRemoval', 'NetworkTrafficFiltering', 'NetworkIsolation', 'IdentifierReputationAnalysis', 'IdentifierAnalysis']"
p870,['c:AdditionalTask']
p871,"['IdentifierReputationAnalysis', 'IdentifierAnalysis', 'NetworkTrafficFiltering', 'NetworkIsolation', 'ExecutableDenylisting', 'ExecutionIsolation']"
p872,"['BroadcastDomainIsolation', 'NetworkIsolation', 'NetworkTrafficFiltering', 'ExecutableDenylisting', 'ExecutionIsolation', 'AccountLocking', 'CredentialEviction', 'FileAnalysis']"
p873,"['c:CTI_Input', 'NetworkTrafficFiltering', 'IdentifierActivityAnalysis', 'IdentifierAnalysis', 'NetworkIsolation']"
p874,"['LocalAccountMonitoring', 'UserBehaviorAnalysis', 'c:CTI_Input', 'CredentialTransmissionScoping']"
p875,['c:CTI_Input']
p876,"['c:CTI_Input', 'IdentifierActivityAnalysis', 'IdentifierAnalysis', 'SystemVulnerabilityAssessment', 'SystemMapping']"
p877,"['IdentifierAnalysis', 'IdentifierActivityAnalysis']"
p878,"['OperationalRiskAssessment', 'OperationalActivityMapping']"
p880,"['OperationalRiskAssessment', 'OperationalActivityMapping']"
p881,"['OperationalActivityMapping', 'OperationalRiskAssessment']"
p882,"['AssetVulnerabilityEnumeration', 'AssetInventory']"
p883,"['IdentifierActivityAnalysis', 'IdentifierAnalysis']"
p884,['c:IncidentHandlingManagement']
p885,['c:IncidentHandlingManagement']
p886,['c:IncidentHandlingManagement']
p887,['c:IncidentHandlingManagement']
p888,['c:IncidentHandlingManagement']
p890,"['AssetVulnerabilityEnumeration', 'AssetInventory', 'HostShutdown', 'ProcessEviction', 'BroadcastDomainIsolation', 'NetworkIsolation']"
p891,"['IdentifierActivityAnalysis', 'IdentifierAnalysis', 'NetworkIsolation', 'ExecutionIsolation']"
p892,['c:IncidentHandlingManagement']
p893,"['NetworkTrafficAnalysis', 'ConnectionAttemptAnalysis', 'ProtocolMetadataAnomalyDetection', 'RelayPatternAnalysis']"
p894,"['FirmwareBehaviorAnalysis', 'FirmwareEmbeddedMonitoringCode', 'FirmwareVerification', 'FileIntegrityMonitoring', 'FileAnalysis', 'PlattformMonitoring']"
p895,"['FileRemoval', 'FileEviction', 'AccountLocking', 'CredentialEviction', 'HostShutdown', 'ProcessEviction', 'ProcessTermination']"
p896,"['IdentifierReputationAnalysis', 'IdentifierAnalysis', 'URLAnalysis', 'IdentifierActivityAnalysis']"
p897,['c:IncidentHandlingManagement']
p900,['c:IncidentHandlingManagement']
p901,"['FileAnalysis', 'DynamicAnalysis', 'FileRemoval', 'FileEviction', 'NetworkTrafficAnalysis']"
p902,"['IdentifierReputationAnalysis', 'IdentifierAnalysis', 'SenderReputationAnalysis', 'MessageAnalysis']"
p903,"['FileAnalysis', 'FileContentAnalysis', 'IdentifierReputationAnalysis', 'IdentifierAnalysis']"
p904,"['IdentifierAnalysis', 'IdentifierReputationAnalysis', 'URLAnalysis']"
p905,"['ProcessTermination', 'ProcessEviction', 'ProcessSpawnAnalysis', 'ProcessAnalysis']"
p906,"['AssetVulnerabilityEnumeration', 'AssetInventory', 'SystemVulnerabilityAssessment', 'SystemMapping']"
p907,"['c:CTI_Input', 'IdentifierReputationAnalysis', 'IdentifierAnalysis', 'IdentifierActivityAnalysis', 'NetworkTrafficFiltering', 'NetworkIsolation', 'ExecutionIsolation']"
p908,"['IdentifierReputationAnalysis', 'IdentifierAnalysis', 'AssetVulnerabilityEnumeration', 'AssetInventory']"
p910,"['c:CTI_Input', 'IdentifierReputationAnalysis', 'IdentifierAnalysis']"
p911,"['IdentifierAnalysis', 'IdentifierReputationAnalysis', 'c:NotifyingTask']"
p912,"['IdentifierReputationAnalysis', 'IdentifierAnalysis', 'URLAnalysis']"
p913,"['IdentifierActivityAnalysis', 'IdentifierAnalysis']"
p914,"['AssetInventory', 'AssetVulnerabilityEnumeration', 'DNSDenylisting', 'NetworkIsolation', 'RestoreNetworkAccess', 'RestoreAccess']"
p915,"['NetworkTrafficFiltering', 'NetworkIsolation', 'AssetVulnerabilityEnumeration', 'AssetInventory', 'RestoreNetworkAccess', 'RestoreAccess']"
p916,"['NetworkTrafficFiltering', 'NetworkIsolation']"
p917,['c:IncidentHandlingManagement']
p918,"['NetworkTrafficFiltering', 'IdentifierReputationAnalysis', 'IdentifierAnalysis', 'IdentifierActivityAnalysis', 'ExecutableDenylisting', 'ExecutionIsolation']"
p920,"['IdentifierReputationAnalysis', 'IdentifierAnalysis']"
p921,"['IdentifierReputationAnalysis', 'IdentifierActivityAnalysis', 'IdentifierAnalysis']"
p922,"['SoftwareUpdate', 'PlatformHardening']"
p923,"['IdentifierActivityAnalysis', 'IdentifierAnalysis', 'NetworkIsolation', 'ExecutionIsolation', 'NetworkTrafficFiltering', 'NetworkIsolation', 'HostShutdown', 'ProcessEviction']"
p924,"['IdentifierAnalysis', 'IdentifierReputationAnalysis', 'URLAnalysis']"
p925,"['IdentifierReputationAnalysis', 'IdentifierAnalysis', 'FileAnalysis', 'ExecutableDenylisting', 'BroadcastDomainIsolation', 'NetworkIsolation']"
p926,['c:IncidentDocumentation']
p927,"['FileHashing', 'FileAnalysis', 'IdentifierReputationAnalysis', 'IdentifierAnalysis']"
p928,['c:AdditionalTask']
p930,['FileAnalysis']
p931,"['FileContentAnalysis', 'FileAnalysis']"
p932,"['FileAnalysis', 'FileContentAnalysis']"
p933,['c:AdditionalTask']
p934,['c:AdditionalTask']
p935,['c:AdditionalTask']
p936,['c:AdditionalTask']
p937,['c:AdditionalTask']
p938,['c:AdditionalTask']
p940,"['IdentifierReputationAnalysis', 'IdentifierAnalysis']"
p941,['c:AdditionalTask']
p942,['c:AdditionalTask']
p943,['c:AdditionalTask']
p944,"['AssetInventory', 'SystemMapping']"
p945,"['IdentifierReputationAnalysis', 'IdentifierAnalysis']"
p946,"['AssetInventory', 'IdentifierReputationAnalysis', 'IdentifierAnalysis']"
p947,['c:AdditionalTask']
p948,['c:AdditionalTask']
p950,['c:IncidentHandlingManagement']
p951,"['FileAnalysis', 'SenderReputationAnalysis', 'MessageAnalysis']"
p952,['c:AdditionalTask']
p953,['c:AdditionalTask']
p954,['c:AdditionalTask']
p955,['c:AdditionalTask']
p956,['c:AdditionalTask']
p957,['c:CTI_Input']
p958,['c:CTI_Input']
p960,"['IdentifierReputationAnalysis', 'IdentifierAnalysis']"
p961,"['IdentifierReputationAnalysis', 'IdentifierAnalysis', 'c:CTI_Input']"
p962,"['IdentifierAnalysis', 'IdentifierReputationAnalysis', 'c:CTI_Input']"
p963,"['c:CTI_Input', 'NetworkNodeInventory', 'AssetInventory']"
p964,"['AssetInventory', 'NetworkNodeInventory', 'c:CTI_Input']"
p965,"['NetworkNodeInventory', 'c:CTI_Input', 'AssetInventory']"
p966,"['AssetInventory', 'NetworkNodeInventory', 'c:CTI_Input']"
p967,"['NetworkNodeInventory', 'AssetInventory', 'c:CTI_Input']"
p968,"['AssetInventory', 'NetworkNodeInventory', 'c:CTI_Input']"
p970,['NetworkTrafficAnalysis']
p971,"['PlatformMonitoring', 'FileIntegrityMonitoring', 'FileHashing', 'FileAnalysis']"
p972,['c:CTI_Input']
p973,"['NetworkNodeInventory', 'AssetInventory']"
p974,"['FileIntegrityMonitoring', 'PlatformMonitoring']"
p975,"['PlatformMonitoring', 'FileIntegrityMonitoring']"
p976,['c:AdditionalTask']
p977,['c:AdditionalTask']
p978,['c:AdditionalTask']
p980,['c:AdditionalTask']
p981,['c:AdditionalTask']
p982,"['c:CTI_Input', 'IdentifierReputationAnalysis', 'IdentifierAnalysis']"
p983,['NetworkTrafficAnalysis']
p984,"['IdentifierReputationAnalysis', 'IdentifierAnalysis']"
p985,['DNSDenylisting']
p986,['DNSDenylisting']
p987,['c:IncidentHandlingManagement']
p988,['c:AdditionalTask']
p990,['c:IncidentHandlingManagement']
p991,['c:IncidentHandlingManagement']
p992,"['IdentifierReputationAnalysis', 'IdentifierAnalysis']"
p993,['FileAnalysis']
p994,"['IdentifierReputationAnalysis', 'IdentifierAnalysis']"
p995,"['IdentifierAnalysis', 'IdentifierReputationAnalysis']"
p996,['c:AdditionalTask']
p997,['c:IncidentHandlingManagement']
p1000,['c:AdditionalTask']
p1001,"['IdentifierReputationAnalysis', 'IdentifierAnalysis', 'URLAnalysis']"
p1002,"['MessageAnalysis', 'SenderReputationAnalysis']"
p1003,"['IdentifierReputationAnalysis', 'IdentifierAnalysis', 'AssetInventory', 'AssetVulnerabilityEnumeration']"
p1004,"['AssetVulnerabilityEnumeration', 'AssetInventory', 'IdentifierReputationAnalysis', 'IdentifierAnalysis']"
p1005,"['IdentifierReputationAnalysis', 'IdentifierAnalysis']"
p1006,"['IdentifierReputationAnalysis', 'IdentifierAnalysis']"
p1007,"['IdentifierReputationAnalysis', 'IdentifierAnalysis']"
p1008,"['IdentifierReputationAnalysis', 'IdentifierAnalysis']"
p1010,"['OperationalActivityMapping', 'OrganizationMapping', 'OperationalDependencyMapping', 'AccessModeling']"
p1011,"['OrganizationMapping', 'OperationalActivityMapping']"
p1012,"['DomainAccountMonitoring', 'UserBehaviorAnalysis']"
p1013,['c:CTI_Input']
p1014,"['c:CTI_Input', 'IdentifierAnalysis', 'IdentifierReputationAnalysis']"
p1015,"['AccountLocking', 'CredentialEviction']"
p1016,"['DNSDenylisting', 'NetworkIsolation']"
p1017,"['NetworkTrafficFiltering', 'NetworkIsolation']"
p1018,"['ExecutableDenylisting', 'ExecutionIsolation']"
p1020,"['NetworkTrafficFiltering', 'NetworkIsolation']"
p1021,"['NetworkIsolation', 'NetworkTrafficFiltering']"
p1022,"['NetworkIsolation', 'NetworkTrafficFiltering']"
p1023,['c:IncidentScoring']
p1024,['c:IncidentScoring']
p1025,['c:IncidentScoring']
p1026,['c:IncidentScoring']
p1027,['c:IncidentScoring']
p1028,"['c:IncidentScoring', 'SenderReputationAnalysis', 'SenderMTAReputationAnalysis', 'MessageAnalysis']"
p1030,['ProcessAnalysis']
p1031,"['NetworkIsolation', 'ExecutionIsolation', 'ExecutableDenylisting', 'NetworkTrafficFiltering', 'NetworkIsolation', 'BroadcastDomainIsolation', 'HostShutdown']"
p1032,['c:AdditionalTask']
p1033,"['FileHashing', 'FileAnalysis', 'c:CTI_Input']"
p1034,"['FileAnalysis', 'FileHashing', 'IdentifierReputationAnalysis', 'IdentifierAnalysis']"
p1035,"['AssetVulnerabilityEnumeration', 'AssetInventory']"
p1036,"['IdentifierReputationAnalysis', 'IdentifierAnalysis']"
p1037,['c:HistoricalDataAnalysis']
p1038,['c:IncidentHandlingManagement']
p1040,['FileAnalysis']
p1041,['FileAnalysis']
p1042,['FileAnalysis']
p1043,['FileAnalysis']
p1044,"['URLAnalysis', 'IdentifierAnalysis', 'IdentifierReputationAnalysis']"
p1045,"['URLAnalysis', 'IdentifierAnalysis', 'IdentifierReputationAnalysis']"
p1046,"['IdentifierReputationAnalysis', 'IdentifierAnalysis', 'URLAnalysis']"
p1047,"['URLAnalysis', 'IdentifierAnalysis', 'IdentifierReputationAnalysis']"
p1048,"['IdentifierReputationAnalysis', 'IdentifierAnalysis']"
p1050,"['MessageAnalysis', 'SenderMTAReputationAnalysis', 'SenderReputationAnalysis', 'IdentifierReputationAnalysis', 'IdentifierAnalysis']"
p1051,"['IdentifierReputationAnalysis', 'IdentifierAnalysis', 'ApplicationConfigurationHardening', 'ApplicationHardening']"
p1052,"['FileHashing', 'FileAnalysis', 'OperatingSystemMonitoring', 'PlatformMonitoring', 'ProcessAnalysis']"
p1053,"['FileIntegrityMonitoring', 'FileAnalysis', 'PlatformMonitoring']"
p1054,"['PlatformMonitoring', 'FileIntegrityMonitoring', 'FileAnalysis']"
p1055,"['c:HistoricalDataAnalysis', 'IdentifierReputationAnalysis', 'IdentifierAnalysis']"
p1056,"['AssetInventory', 'AssetVulnerabilityEnumeration']"
p1057,"['AssetInventory', 'AssetVulnerabilityEnumeration']"
p1058,"['AssetInventory', 'AssetVulnerabilityEnumeration']"
p1060,"['DataInventory', 'AssetInventory', 'FileAnalysis']"
p1061,['c:AdditionalTask']
p1062,"['IdentifierReputationAnalysis', 'IdentifierAnalysis']"
p1063,"['c:CTI_Input', 'DataInventory', 'AssetVulnerabilityEnumeration', 'AssetInventory']"
p1064,"['IdentifierReputationAnalysis', 'IdentifierAnalysis', 'ExecutableAllowlisting', 'ExecutionIsolation']"
p1065,['c:AdditionalTask']
p1066,"['NetworkTrafficFiltering', 'FileRemoval', 'NetworkIsolation', 'FileEviction']"
p1067,"['NetworkNodeInventory', 'AssetInventory']"
p1068,"['FileHashing', 'FileAnalysis']"
p1070,['FileAnalysis']
p1071,['FileAnalysis']
p1072,['FileAnalysis']
p1073,"['PlatformMonitoring', 'FileAnalysis']"
p1074,['c:AdditionalTask']
p1075,['c:AdditionalTask']
p1076,['c:AdditionalTask']
p1077,['c:AdditionalTask']
p1078,"['ExecutableDenylisting', 'ExecutionIsolation']"
p1080,"['AssetInventory', 'AssetVulnerabilityEnumeration']"
p1081,"['IdentifierAnalysis', 'IdentifierReputationAnalysis']"
p1082,"['IdentifierAnalysis', 'IdentifierReputationAnalysis']"
p1083,"['IdentifierAnalysis', 'IdentifierReputationAnalysis']"
p1084,"['NetworkIsolation', 'NetworkTrafficFiltering']"
p1085,"['NetworkTrafficFiltering', 'NetworkIsolation']"
p1086,"['FileAnalysis', 'ProcessAnalysis', 'PlattformMonitoring', 'OperatingSystemMonitoring', 'FileIntegrityMonitoring']"
p1087,['c:CTI_Input']
p1088,"['SenderReputationAnalysis', 'MessageAnalysis', 'IdentifierReputationAnalysis', 'IdentifierAnalysis']"
p1090,"['SenderReputationAnalysis', 'MessageAnalysis', 'IdentifierReputationAnalysis', 'IdentifierAnalysis']"
p1091,"['IdentifierAnalysis', 'IdentifierReputationAnalysis', 'SenderReputationAnalysis', 'MessageAnalysis']"
p1092,"['SenderReputationAnalysis', 'MessageAnalysis', 'IdentifierReputationAnalysis', 'IdentifierAnalysis', 'FileAnalysis', 'EmulatedFileAnalysis', 'DynamicAnalysis', 'FileContentAnalysis', 'NetworkTrafficFiltering', 'NetworkIsolation', 'FileRemoval', 'FileEviction']"
p1093,"['NetworkTrafficFiltering', 'NetworkIsolation']"
p1094,"['NetworkIsolation', 'NetworkTrafficFiltering']"
p1095,"['NetworkTrafficFiltering', 'NetworkIsolation']"
p1096,"['NetworkIsolation', 'NetworkTrafficFiltering', 'MessageAnalysis', 'SenderReputationAnalysis']"
p1097,"['SenderMTAReputationAnalysis', 'SenderReputationAnalysis', 'MessageAnalysis']"
p1100,['c:AdditionalTask']
p1101,['c:AdditionalTask']
p1102,"['FileRemoval', 'FileEviction']"
p1103,"['FileEviction', 'FileRemoval']"
p1104,"['OperatingSystemMonitoring', 'PlatformMonitoring', 'FileAnalysis', 'FileHashing']"
p1105,"['AssetVulnerabilityEnumeration', 'AssetInventory']"
p1106,['c:NotifyingTask']
p1107,['c:NotifyingTask']
p1108,"['IdentifierAnalysis', 'IdentifierReputationAnalysis', 'IdentifierActivityAnalysis']"
p1110,"['IdentifierAnalysis', 'IdentifierReputationAnalysis', 'IdentifierActivityAnalysis']"
p1111,"['FileAnalysis', 'FileHashing', 'IdentifierAnalysis', 'IdentifierReputationAnalysis']"
p1112,"['IdentifierAnalysis', 'IdentifierReputationAnalysis']"
p1113,"['IdentifierAnalysis', 'IdentifierReputationAnalysis']"
p1114,"['IdentifierAnalysis', 'IdentifierReputationAnalysis', 'URLAnalysis']"
p1115,"['IdentifierAnalysis', 'IdentifierReputationAnalysis']"
p1116,['c:AdditionalTask']
p1117,"['IdentifierAnalysis', 'IdentifierReputationAnalysis']"
p1118,"['IdentifierAnalysis', 'IdentifierReputationAnalysis']"
p1120,"['IdentifierAnalysis', 'IdentifierReputationAnalysis']"
p1121,"['IdentifierAnalysis', 'IdentifierReputationAnalysis', 'FileAnalysis', 'FileHashing']"
p1122,"['IdentifierAnalysis', 'IdentifierReputationAnalysis', 'IdentifierActivityAnalysis']"
p1123,"['IdentifierAnalysis', 'IdentifierReputationAnalysis']"
p1124,"['IdentifierAnalysis', 'IdentifierReputationAnalysis', 'FileHashing', 'IdentifierActivityAnalysis', 'FileAnalysis']"
p1125,"['IdentifierAnalysis', 'IdentifierReputationAnalysis', 'IdentifierActivityAnalysis']"
p1126,"['IdentifierReputationAnalysis', 'IdentifierAnalysis', 'IdentifierActivityAnalysis']"
p1127,"['IdentifierReputationAnalysis', 'IdentifierAnalysis', 'IdentifierActivityAnalysis']"
p1128,"['IdentifierReputationAnalysis', 'IdentifierAnalysis', 'IdentifierActivityAnalysis']"
p1130,"['IdentifierAnalysis', 'IdentifierReputationAnalysis', 'NetworkTrafficFiltering', 'NetworkIsolation']"
p1131,"['IdentifierAnalysis', 'IdentifierReputationAnalysis']"
p1132,"['IdentifierAnalysis', 'IdentifierReputationAnalysis']"
p1133,"['IdentifierAnalysis', 'IdentifierReputationAnalysis']"
p1134,"['IdentifierReputationAnalysis', 'IdentifierAnalysis']"
p1135,"['IdentifierReputationAnalysis', 'IdentifierAnalysis']"
p1136,"['IdentifierReputationAnalysis', 'IdentifierAnalysis']"
p1137,"['RestoreNetworkAccess', 'RestoreAccess']"
p1138,"['MessageEncryption', 'MessageHardening', 'IdentifierAnalysis', 'IdentifierReputationAnalysis']"
p1140,"['FileAnalysis', 'DynamicAnalysis']"
p1141,['c:IncidentHandlingManagement']
p1142,"['IdentifierReputationAnalysis', 'IdentifierAnalysis', 'OperationalRiskAssessment', 'OperationalActivityMapping']"
p1143,"['IdentifierReputationAnalysis', 'IdentifierAnalysis', 'NetworkTrafficFiltering', 'NetworkIsolation']"
p1144,"['FileIntegrityMonitoring', 'PlatformMonitoring', 'AssetVulnerabilityEnumeration', 'AssetInventory']"
p1145,"['IdentifierReputationAnalysis', 'IdentifierAnalysis']"
p1146,"['LocalAccountMonitoring', 'UserBehaviorAnalysis']"
p1147,['NetworkTrafficAnalysis']
p1148,['c:IncidentHandlingManagement']
p1150,"['IdentifierAnalysis', 'IdentifierReputationAnalysis', 'c:IncidentHandlingManagement']"
p1151,"['c:IncidentHandlingManagement', 'IdentifierReputationAnalysis', 'IdentifierAnalysis']"
p1152,"['IdentifierAnalysis', 'IdentifierReputationAnalysis']"
p1153,"['NetworkIsolation', 'NetworkTrafficFiltering', 'NetworkIsolation', 'ExecutableDenylisting', 'ExecutionIsolation']"
p1154,"['OperatingSystemMonitoring', 'PlatformMonitoring']"
p1155,"['FileIntegrityMonitoring', 'PlatformMonitoring']"
p1156,"['BroadcastDomainIsolation', 'NetworkIsolation', 'NetworkTrafficFiltering', 'PlatformMonitoring', 'NetworkTrafficAnalysis']"
p1157,"['IdentifierActivityAnalysis', 'IdentifierReputationAnalysis', 'IdentifierAnalysis', 'FileRemoval', 'FileEviction', 'NetworkTrafficFiltering', 'NetworkIsolation']"
p1158,"['OperatingSystemMonitoring', 'PlatformMonitoring', 'FileIntegrityMonitoring']"
p1160,"['c:CTI_Input', 'IdentifierActivityAnalysis', 'IdentifierAnalysis']"
p1161,"['c:CTI_Input', 'AssetInventory', 'AssetVulnerabilityEnumeration']"
p1162,['c:CTI_Input']
p1163,['c:IncidentHandlingManagement']
p1164,['c:CTI_Input']
p1165,['c:CTI_Input']
p1166,['c:CTI_Input']
p1167,"['c:CTI_Input', 'AssetInventory', 'AssetVulnerabilityEnumeration']"
p1168,"['SoftwareInventory', 'PlatformHardening']"
p1170,"['FileRemoval', 'FileEviction', 'RestoreFile', 'RestoreObject']"
p1171,['c:CTI_Input']
p1172,"['SystemVulnerabilityAssessment', 'OperationalActivityMapping']"
p1173,"['CredentialRotation', 'CredentialHardening', 'AccountLocking', 'CredentialEviction']"
p1174,['NetworkTrafficAnalysis']
p1175,"['NetworkTrafficFiltering', 'NetworkIsolation', 'SenderReputationAnalysis', 'MessageAnalysis']"
p1176,"['NetworkTrafficFiltering', 'NetworkIsolation', 'ExecutableDenylisting', 'NetworkIsolation']"
p1177,"['NetworkTrafficFiltering', 'NetworkIsolation']"
p1178,"['LocalAccountMonitoring', 'UserBehaviorAnalysis']"
p1180,"['NetworkIsolation', 'NetworkTrafficFiltering', 'URLAnalysis', 'IdentifierAnalysis']"
p1181,"['NetworkTrafficFiltering', 'NetworkIsolation']"
p1182,"['NetworkIsolation', 'NetworkTrafficFiltering', 'ExecutableDenylisting', 'ExecutionIsolation']"
p1183,"['NetworkTrafficFiltering', 'NetworkIsolation']"
p1184,"['OperationalRiskAssessment', 'OperationalActivityMapping', 'IdentifierReputationAnalysis', 'IdentifierAnalysis']"
p1185,"['BroadcastDomainIsolation', 'NetworkIsolation', 'RestoreDiskImage', 'RestoreObject', 'NetworkNodeInventory', 'AssetInventory']"
p1186,"['RestoreObject', 'RestoreDiskImage']"
p1187,"['RestoreObject', 'RestoreDiskImage', 'RestoreConfiguration', 'RestoreSoftware', 'RestoreNetworkAccess', 'RestoreAccess', 'RestoreUserAccountAccess']"
p1188,"['RestoreSoftware', 'RestoreObject']"
p1190,"['OperatingSystemMonitoring', 'PlatformMonitoring', 'HostShutdown', 'ProcessEviction', 'RestoreAccess', 'RestoreObject', 'RestoreConfiguration', 'RestoreDatabase', 'RestoreDatabase', 'RestoreSoftware']"
p1191,"['RestoreAccess', 'RestoreObject', 'IdentifierAnalysis', 'IdentifierReputationAnalysis', 'IdentifierActivityAnalysis']"
p1192,"['IdentifierReputationAnalysis', 'IdentifierAnalysis']"
p1193,"['IdentifierReputationAnalysis', 'IdentifierAnalysis', 'NetworkTrafficFiltering', 'NetworkIsolation']"
p1194,"['NetworkIsolation', 'NetworkTrafficFiltering', 'IdentifierReputationAnalysis', 'IdentifierAnalysis']"
p1195,"['IdentifierReputationAnalysis', 'IdentifierActivityAnalysis', 'IdentifierAnalysis', 'NetworkTrafficFiltering', 'DNSDenylisting', 'NetworkIsolation']"
p1196,"['NetworkIsolation', 'NetworkTrafficFiltering']"
p1197,"['NetworkTrafficFiltering', 'NetworkIsolation']"
p1200,"['IdentifierActivityAnalysis', 'IdentifierAnalysis', 'SenderReputationAnalysis', 'MessageAnalysis', 'NetworkTrafficFiltering', 'NetworkIsolation']"
p1201,"['ExecutableDenylisting', 'ExecutionIsolation', 'IdentifierActivityAnalysis', 'IdentifierReputationAnalysis', 'IdentifierAnalysis']"
p1202,"['IdentifierAnalysis', 'IdentifierActivityAnalysis', 'InboundSessionVolumeAnalysis', 'NetworkTrafficAnalysis']"
p1203,"['FileHashing', 'MessageAnalysis', 'IdentifierActivityAnalysis', 'IdentifierAnalysis', 'IdentifierReputationAnalysis']"
p1204,"['FileHashing', 'MessageAnalysis', 'ExecutableDenylisting', 'ExecutionIsolation']"
p1205,"['IdentifierActivityAnalysis', 'IdentifierAnalysis', 'IdentifierReputationAnalysis', 'NetworkTrafficFiltering', 'NetworkIsolation']"
p1206,"['NetworkTrafficFiltering', 'NetworkIsolation', 'IdentifierReputationAnalysis', 'IdentifierAnalysis', 'IdentifierActivityAnalysis']"
p1207,"['IdentifierActivityAnalysis', 'IdentifierReputationAnalysis', 'IdentifierAnalysis', 'NetworkTrafficAnalysis', 'NetworkIsolation']"
p1208,"['NetworkIsolation', 'NetworkTrafficFiltering', 'IdentifierReputationAnalysis', 'IdentifierAnalysis']"
p1210,"['IdentifierAnalysis', 'IdentifierReputationAnalysis', 'SenderReputationAnalysis', 'MessageAnalysis', 'c:IncidentHandlingManagement']"
p1211,"['IdentifierReputationAnalysis', 'IdentifierAnalysis', 'c:IncidentHandlingManagement', 'FileHashing', 'FileAnalysis']"
p1212,['c:CTI_Input']
p1213,"['IdentifierReputationAnalysis', 'IdentifierAnalysis', 'NetworkTrafficFiltering', 'NetworkIsolation']"
p1214,"['c:CTI_Input', 'AssetInventory', 'AssetVulnerabilityEnumeration']"
p1215,"['AssetInventory', 'AssetVulnerabilityEnumeration']"
p1216,"['AssetInventory', 'AssetVulnerabilityEnumeration']"
p1217,"['c:IncidentHandlingManagement', 'c:CTI_Input']"
p1218,"['IdentifierActivityAnalysis', 'IdentifierAnalysis']"
p139,"['c:CTI_Input', 'URLAnalysis', 'IdentifierReputationAnalysis', 'IdentifierAnalysis']"
p149,"['IdentifierReputationAnalysis', 'IdentifierAnalysis']"
p159,['c:IncidentHandlingManagement']
p169,['c:AdditionalTask']
p179,['c:AdditionalTask']
p189,"['IdentifierReputationAnalysis', 'IdentifierAnalysis']"
p199,"['IdentifierReputationAnalysis', 'IdentifierAnalysis', 'FileAnalysis', 'DynamicAnalysis']"
p209,['c:IncidentHandlingManagement']
p219,['c:AdditionalTask']
p229,['c:AdditionalTask']
p239,"['SenderReputationAnalysis', 'MessageAnalysis', 'IdentifierReputationAnalysis', 'IdentifierAnalysis']"
p249,"['NetworkTrafficFiltering', 'NetworkIsolation', 'IdentifierActivityAnalysis', 'IdentifierReputationAnalysis', 'IdentifierAnalysis']"
p259,"['IdentifierReputationAnalysis', 'IdentifierAnalysis', 'c:AdditionalTask']"
p269,['c:AdditionalTask']
p279,['c:AdditionalTask']
p289,"['AssetVulnerabilityEnumeration', 'AssetInventory']"
p298,"['FileAnalysis', 'FileHashing']"
p299,"['FileHashing', 'FileAnalysis']"
p309,['c:SystemTest']
p319,['c:AdditionalTask']
p329,['c:AdditionalTask']
p339,['c:SystemTest']
p349,"['IdentifierReputationAnalysis', 'IdentifierAnalysis']"
p359,"['FileAnalysis', 'FileContentAnalysis']"
p369,"['IdentifierReputationAnalysis', 'IdentifierActivityAnalysis', 'IdentifierAnalysis', 'EmulatedFileAnalysis', 'FileAnalysis']"
p379,"['ProcessAnalysis', 'ProcessSpawnAnalysis']"
p389,"['NetworkTrafficAnalysis', 'NetworkTrafficCommunityDeviation']"
p398,['c:IncidentHandlingManagement']
p399,['c:IncidentHandlingManagement']
p409,['c:IncidentHandlingManagement']
p419,"['FileRemoval', 'FileEviction']"
p429,"['NetworkTrafficAnalysis', 'CertificateAnalysis', 'AssetInventory', 'HardwareComponentInventory']"
p439,"['FileHashing', 'FileAnalysis', 'ExecutableDenylisting', 'ExecutionIsolation']"
p449,"['IdentifierActivityAnalysis', 'IdentifierReputationAnalysis', 'IdentifierAnalysis', 'ExecutableDenylisting', 'ExecutionIsolation', 'NetworkIsolation', 'NetworkTrafficFiltering']"
p459,"['NetworkTrafficFiltering', 'NetworkIsolation']"
p469,"['ExecutionIsolation', 'ExecutableDenylisting', 'NetworkTrafficFiltering', 'NetworkIsolation']"
p479,"['IdentifierReputationAnalysis', 'IdentifierAnalysis', 'IdentifierActivityAnalysis']"
p489,['c:IncidentHandlingManagement']
p498,"['AccountLocking', 'CredentialEviction']"
p499,"['SoftwareUpdate', 'PlatformHardening']"
p509,"['IdentifierReputationAnalysis', 'IdentifierAnalysis', 'AssetVulnerabilityEnumeration', 'AssetInventory']"
p519,"['IdentifierReputationAnalysis', 'IdentifierAnalysis']"
p529,"['IdentifierAnalysis', 'IdentifierReputationAnalysis']"
p539,['c:IncidentHandlingManagement']
p549,"['UserGeolocationLogonPatternAnalysis', 'UserBehaviorAnalysis']"
p559,"['IdentifierReputationAnalysis', 'IdentifierAnalysis']"
p569,"['IdentifierAnalysis', 'IdentifierReputationAnalysis']"
p579,"['IdentifierReputationAnalysis', 'IdentifierAnalysis', 'FileAnalysis', 'FileContentAnalysis', 'FileEviction', 'FileRemoval']"
p589,"['NetworkTrafficFiltering', 'NetworkIsolation']"
p598,"['NetworkIsolation', 'NetworkTrafficFiltering']"
p599,"['NetworkTrafficFiltering', 'NetworkIsolation']"
p609,"['NetworkIsolation', 'NetworkTrafficFiltering']"
p619,"['AssetVulnerabilityEnumeration', 'AssetInventory']"
p629,"['AssetInventory', 'NetworkNodeInventory']"
p639,"['OperationalRiskAssessment', 'OrganizationMapping']"
p649,"['UserBehaviorAnalysis', 'AuthorizationEventThresholding', 'LocalAccountMonitoring']"
p659,['c:IncidentHandlingManagement']
p669,['c:IncidentHandlingManagement']
p679,['c:AdditionalTask']
p689,"['FileIntegrityMonitoring', 'PlatformMonitoring']"
p698,"['FileEviction', 'FileRemoval', 'FileIntegrityMonitoring', 'PlatformMonitoring']"
p699,"['FileRemoval', 'FileEviction']"
p709,"['FileEviction', 'FileRemoval']"
p719,['c:IncidentHandlingManagement']
p729,"['DataInventory', 'AssetInventory']"
p739,"['UserBehaviorAnalysis', 'DomainAccountMonitoring']"
p749,"['MessageAnalysis', 'SenderReputationAnalysis']"
p759,[]
p769,"['OperationalRiskAssessment', 'OperationalActivityMapping']"
p779,"['FileRemoval', 'FileEviction']"
p789,['c:AdditionalTask']
p798,"['IdentifierReputationAnalysis', 'IdentifierAnalysis']"
p799,['c:AdditionalTask']
p809,['c:AdditionalTask']
p819,"['IdentifierReputationAnalysis', 'IdentifierAnalysis']"
p829,"['PlattformMonitoring', 'FirmwareVerification', 'OperatingSystemMonitoring']"
p839,"['IdentifierReputationAnalysis', 'IdentifierAnalysis', 'IdentifierActivityAnalysis']"
p849,"['ProcessEviction', 'HostShutdown', 'ExecutionIsolation', 'ExecutableDenylisting', 'FileRemoval', 'FileEviction']"
p859,"['CredentialRevocation', 'CredentialEviction']"
p869,"['SenderReputationAnalysis', 'MessageAnalysis', 'NetworkIsolation', 'NetworkTrafficFiltering']"
p879,"['ExecutableDenylisting', 'ExecutionIsolation', 'NetworkIsolation', 'NetworkTrafficFiltering']"
p889,['c:IncidentHandelingManagement']
p899,"['PlatformMonitoring', 'OperatingSystemMonitoring']"
p909,['c:IncidentHandelingManagement']
p919,"['RestoreObject', 'RestoreDiskImage', 'NetworkIsolation', 'NetworkTrafficFiltering']"
p929,['c:IncidentHandelingManagement']
p939,"['IdentifierReputationAnalysis', 'IdentifierAnalysis']"
p949,['c:IncidentHandelingManagement']
p959,"['IdentifierReputationAnalysis', 'IdentifierAnalysis']"
p969,"['SoftwareUpdate', 'PlatformHardening', 'NetworkTrafficFiltering', 'NetworkIsolation']"
p979,"['IdentifierActivityAnalysis', 'IdentifierReputationAnalysis', 'IdentifierAnalysis']"
p989,['c:IncidentHandelingManagement']
p998,"['IdentifierReputationAnalysis', 'IdentifierAnalysis']"
p999,"['IdentifierReputationAnalysis', 'IdentifierAnalysis']"
p1009,['c:IncidentHandelingManagement']
p1019,"['ExecutionIsolation', 'ExecutableDenylisting', 'NetworkTrafficFiltering', 'NetworkIsolation']"
p1029,"['OperationalRiskAssessment', 'OperationalActivityMapping']"
p1039,['c:IncidentHandelingManagement']
p1049,"['IdentifierReputationAnalysis', 'IdentifierAnalysis']"
p1059,"['CredentialRevocation', 'CredentialEviction', 'FileRemoval', 'FileEviction', 'ProcessTermination', 'ProcessEviction']"
p1069,"['IdentifierReputationAnalysis', 'IdentifierAnalysis']"
p1079,['c:IncidentHandelingManagement']
p1089,"['SenderReputationAnalysis', 'MessageAnalysis']"
p1098,"['RestoreAccess', 'RestoreNetworkAccess', 'RestoreFile', 'RestoreObject']"
p1099,"['PlatformMonitoring', 'FileIntegrityMonitoring']"
p1109,"['IdentifierActivityAnalysis', 'IdentifierReputationAnalysis', 'IdentifierAnalysis']"
p1119,"['IdentifierReputationAnalysis', 'IdentifierAnalysis']"
p1129,"['IdentifierReputationAnalysis', 'IdentifierAnalysis']"
p1139,['c:IncidentHandelingManagement']
p1149,"['IdentifierReputationAnalysis', 'IdentifierAnalysis']"
p1159,"['UserBehaviorAnalysis', 'DomainAccountMonitoring']"
p1169,"['SoftwareUpdate', 'PlatformHardening']"
p1179,"['NetworkTrafficFiltering', 'NetworkIsolation']"
p1189,"['RestoreNetworkAccess', 'RestoreAccess', 'RestoreObject', 'RestoreDiskImage']"
p1198,"['IdentifierReputationAnalysis', 'IdentifierAnalysis', 'IdentifierActivityAnalysis']"
p1199,"['IdentifierReputationAnalysis', 'IdentifierAnalysis', 'IdentifierActivityAnalysis']"
p1209,['c:IncidentHandelingManagement']
p1219,"['IdentifierReputationAnalysis', 'IdentifierAnalysis']"
p1220,"['IdentifierReputationAnalysis', 'IdentifierAnalysis']"
p1221,"['IdentifierReputationAnalysis', 'IdentifierAnalysis']"
p1222,"['OperationalRiskAssessment', 'OperationalActivityMapping', 'OperationalDependencyMapping']"
p1223,['c:AdditionalTask']
p1224,"['AccountLocking', 'CredentialEviction']"
p1225,"['NetworkIsolation', 'DNSDenylisting']"
p1226,"['DNSDenylisting', 'NetworkIsolation']"
p1227,"['NetworkIsolation', 'DNSDenylisting']"
p1228,"['DNSDenylisting', 'NetworkIsolation']"
p1229,"['NetworkIsolation', 'DNSDenylisting']"
p1230,"['DNSDenylisting', 'NetworkIsolation']"
p1231,"['NetworkIsolation', 'DNSDenylisting']"
p1232,"['DNSDenylisting', 'NetworkIsolation']"
p1233,"['NetworkIsolation', 'DNSDenylisting']"
p1234,"['NetworkTrafficFiltering', 'NetworkIsolation']"
p1235,"['ExecutionIsolation', 'ExecutableDenylisting']"
p1236,"['ExecutableDenylisting', 'ExecutionIsolation']"
p1237,"['ExecutionIsolation', 'ExecutableDenylisting']"
p1238,"['ExecutableDenylisting', 'ExecutionIsolation']"
p1239,"['ExecutionIsolation', 'ExecutableDenylisting', 'NetworkIsolation', 'DNSDenylisting', 'NetworkTrafficFiltering']"
p1240,"['NetworkTrafficFiltering', 'NetworkIsolation', 'DNSDenylisting']"
p1241,"['DNSDenylisting', 'NetworkIsolation', 'NetworkTrafficFiltering']"
p1242,"['NetworkTrafficFiltering', 'NetworkIsolation']"
p1243,"['OperationalActivityMapping', 'OrganizationMapping', 'AccessModeling', 'c:AdditionalTask']"
p1244,"['NetworkIsolation', 'BroadcastDomainIsolation', 'CredentialEviction', 'AccountLocking', 'FileEviction', 'FileRemoval', 'NetworkTrafficFiltering', 'NetworkIsolation', 'DNSDenylisting']"
p1245,"['DNSDenylisting', 'NetworkIsolation', 'NetworkTrafficFiltering']"
p1246,"['ProcessEviction', 'ProcessTermination', 'ProcessSuspension']"
p1247,"['CredentialEviction', 'AccountLocking']"
p1248,"['NetworkTrafficFiltering', 'NetworkIsolation', 'BroadcastDomainIsolation']"
p1249,"['FileRemoval', 'FileEviction']"
p1250,"['ExecutableDenylisting', 'ExecutionIsolation']"
p1251,"['ExecutionIsolation', 'ExecutableDenylisting']"
p1252,"['NetworkTrafficCommunityDeviation', 'NetworkIsolation', 'BroadcastDomainIsolation']"
p1253,"['IdentifierReputationAnalysis', 'IdentifierAnalysis']"
p1254,"['IdentifierAnalysis', 'IdentifierReputationAnalysis']"
p1255,"['OperatingSystemMonitoring', 'PlattformMonitoring']"
p1256,"['PlattformMonitoring', 'OperatingSystemMonitoring', 'FileIntegrityMonitoring']"
p1257,"['ReissueCredential', 'RestoreAccess', 'FileRemoval', 'FileEviction', 'ProcessTermination', 'ProcessEviction']"
p1258,"['FileEviction', 'FileRemoval']"
p1259,"['ReissueCredential', 'RestoreAccess']"
p1260,"['ProcessTermination', 'ProcessEviction']"
p1261,"['IdentifierAnalysis', 'IdentifierReputationAnalysis']"
p1262,"['IdentifierReputationAnalysis', 'IdentifierAnalysis']"
p1263,"['IdentifierAnalysis', 'IdentifierReputationAnalysis']"
p1264,"['IdentifierReputationAnalysis', 'IdentifierAnalysis']"
p1265,"['IdentifierReputationAnalysis', 'IdentifierAnalysis']"
p1266,"['IdentifierAnalysis', 'IdentifierReputationAnalysis']"
p1267,"['NetworkIsolation', 'BroadcastDomainIsolation']"
p1268,"['ExecutableDenylisting', 'ExecutionIsolation']"
p1269,"['NetworkIsolation', 'BroadcastDomainIsolation', 'NetworkTrafficFiltering']"
p1270,"['IdentifierReputationAnalysis', 'IdentifierAnalysis']"
p1271,"['NetworkIsolation', 'NetworkTrafficFiltering']"
p1272,"['NetworkTrafficFiltering', 'NetworkIsolation']"
p1273,"['NetworkIsolation', 'DNSDenylisting', 'NetworkTrafficFiltering']"
p1274,"['NetworkTrafficFiltering', 'NetworkIsolation']"
p1275,['c:AdditionalTask']
p1276,"['c:AdditionalTask', 'NetworkTrafficPolicyMapping', 'NetworkMapping']"
p1277,"['NetworkIsolation', 'DNSDenylisting', 'NetworkTrafficFiltering']"
p1278,"['ApplicationHardening', 'ApplicationConfigurationHardening']"
p1279,['c:AdditionalTask']
p1280,"['RestoreAccess', 'RestoreNetworkAccess', 'RestoreFile', 'RestoreObject']"
p1281,"['NetworkTrafficFiltering', 'NetworkIsolation']"
p1282,"['IdentifierReputationAnalysis', 'IdentifierAnalysis']"
p1283,"['IdentifierAnalysis', 'IdentifierReputationAnalysis']"
p1284,"['DataExchangeMapping', 'SystemMapping', 'AssetInventory', 'DataInventory']"
p1285,"['IdentifierReputationAnalysis', 'IdentifierAnalysis']"
p1286,"['IdentifierReputationAnalysis', 'IdentifierAnalysis', 'IdentifierActivityAnalysis', 'NetworkIsolation', 'ExecutableDenylisting', 'NetworkIsolation', 'DNSDenylisting', 'NetworkTrafficFiltering']"
p1287,"['OperatingSystemMonitoring', 'PlatformMonitoring']"
p1288,"['ExecutableDenylisting', 'ExecutionIsolation']"
p1289,"['ProcessTermination', 'ProcessEviction', 'IdentifierReputationAnalysis', 'IdentifierAnalysis', 'FileAnalysis', 'EmulatedFileAnalysis']"
p1290,"['FileEviction', 'FileRemoval']"
p1291,"['RestoreFile', 'RestoreObject']"
p1292,['c:AdditionalTask']
p1293,"['NetworkIsolation', 'NetworkTrafficFiltering', 'BroadcastDomainIsolation']"
p1294,"['RestoreNetworkAccess', 'RestoreAccess']"
p1295,"['ProcessEviction', 'ProcessTermination']"
p1296,"['FileEviction', 'FileRemoval']"
p1297,"['NetworkIsolation', 'BroadcastDomainIsolation', 'NetworkTrafficFiltering']"
p1298,"['RestoreNetworkAccess', 'RestoreAccess']"
p1299,"['FileEviction', 'FileRemoval']"
p1300,"['IdentifierActivityAnalysis', 'IdentifierAnalysis']"
p1301,"['RestoreFile', 'RestoreObject']"
p1302,"['IdentifierAnalysis', 'IdentifierActivityAnalysis']"
p1303,"['IdentifierActivityAnalysis', 'IdentifierAnalysis']"
p1304,"['IdentifierAnalysis', 'IdentifierActivityAnalysis', 'IdentifierReputationAnalysis', 'FileAnalysis', 'FileContentAnalysis']"
p1305,['c:IncidentHandlingManagement']
p1306,['c:IncidentHandlingManagement']
p1307,['c:IncidentHandlingManagement']
p1308,['c:IncidentHandlingManagement']
p1309,['c:IncidentHandlingManagement']
p1310,"['FileAnalysis', 'DynamicAnalysis']"
p1311,"['IdentifierAnalysis', 'IdentifierReputationAnalysis']"
p1312,"['IdentifierActivityAnalysis', 'IdentifierAnalysis']"
p1313,"['IdentifierAnalysis', 'IdentifierActivityAnalysis']"
p1314,['c:CTI_Input']
p1315,"['RestoreUserAccountAccess', 'RestoreAccess', 'c:IncidentHandlingManagement']"
p1316,['c:IncidentHandlingManagement']
p1317,['c:IncidentHandlingManagement']
p1318,"['AccountLocking', 'CredentialEviction']"
p1319,"['ExecutableDenylisting', 'ExecutionIsolation']"
p1320,"['NetworkNodeInventory', 'AssetInventory']"
p1321,['c:IncidentHandlingManagement']
p1322,['c:IncidentHandlingManagement']
p1323,"['RestoreUserAccountAccess', 'RestoreAccess']"
p1324,"['ProcessTermination', 'ProcessEviction', 'CredentialEviction', 'AccountLocking']"
p1325,"['AccountLocking', 'CredentialEviction', 'ProcessTermination', 'ProcessEviction']"
p1326,"['IdentifierAnalysis', 'IdentifierReputationAnalysis', 'OperationalRiskAssessment', 'OperationalActivityMapping']"
p1327,"['ProcessTermination', 'ProcessEviction', 'AccountLocking', 'CredentialEviction']"
p1328,"['NetworkNodeInventory', 'AssetInventory']"
p1329,"['ProcessTermination', 'ProcessEviction', 'AccountLocking', 'CredentialEviction']"
p1330,"['NetworkTrafficFiltering', 'NetworkIsolation']"
p1331,['c:IncidentHandlingManagement']
p1332,"['NetworkIsolation', 'DNSDenylisting', 'NetworkTrafficFiltering']"
p1333,"['UserBehaviorAnalysis', 'LocalAccountMonitoring']"
p1334,"['OperationalRiskAssessment', 'OperationalActivityMapping']"
p1335,"['IdentifierActivityAnalysis', 'IdentifierAnalysis']"
p1336,"['c:IncidentHandlingManagement', 'c:NotifyingTask']"
p1337,"['IdentifierAnalysis', 'IdentifierReputationAnalysis', 'URLAnalysis']"
p1338,"['NetworkIsolation', 'BroadcastDomainIsolation']"
p1339,"['RestoreNetworkAccess', 'RestoreAccess']"
p1340,"['AccountLocking', 'CredentialEviction', 'WebSessionActivityAnalysis', 'UserBehaviorAnalysis']"
p1341,['c:IncidentDocumentation']
p1342,['c:IncidentDocumentation']
p1343,"['AssetInventory', 'NetworkNodeInventory']"
p1344,"['IdentifierActivityAnalysis', 'IdentifierAnalysis']"
p1345,"['ProcessTermination', 'ProcessEviction', 'AccountLocking', 'CredentialEviction']"
p1346,"['CredentialEviction', 'AccountLocking', 'ProcessTermination', 'ProcessEviction', 'IdentifierActivityAnalysis', 'IdentifierAnalysis']"
p1347,"['IdentifierActivityAnalysis', 'IdentifierAnalysis', 'AccountLocking', 'CredentialEviction', 'ProcessTermination', 'ProcessEviction']"
p1348,['c:AdditionalTask']
p1349,"['ProcessEviction', 'ProcessTermination', 'AccountLocking', 'CredentialEviction', 'IdentifierActivityAnalysis', 'IdentifierAnalysis']"
p1350,"['DNSDenylisting', 'NetworkIsolation']"
p1351,"['AccessModeling', 'OperationalActivityMapping']"
p1352,"['IdentifierActivityAnalysis', 'IdentifierAnalysis', 'MessageAnalysis', 'SenderReputationAnalysis']"
p1353,['c:CTI_Input']
p1354,['c:AdditionalTask']
p1355,['c:IncidentHandlingManagement']
p1356,['c:IncidentHandlingManagement']
p1357,['c:IncidentHandlingManagement']
p1358,"['AccountLocking', 'CredentialEviction']"
p1359,['c:CTI_Input']
p1360,['c:CTI_Input']
p1361,['c:CTI_Input']
p1362,['c:CTI_Input']
